kuuroord.info	Pending	-72	2023-04-27 20:19:46	2022-04-27 20:19:46	Porkbun LLC
stephenporges.info	Pending	-72	2023-04-27 20:19:58	2022-04-27 20:19:58	Porkbun LLC
whatdoesthismean.info	Pending	-72	2023-04-27 21:46:56	2022-04-27 21:46:56	Dynadot, LLC
webeyedea.info	Pending	-72	2023-04-27 22:50:41	2022-04-27 22:50:41	GoDaddy.com, LLC
femp.info	Pending	-72	2023-04-28 03:08:02	2022-04-28 03:08:02	NameCheap, Inc.
8873.info	Pending	-72	2023-04-28 05:20:52	2022-04-28 05:20:52	GoDaddy.com, LLC
energy-epidemiology.info	Pending	-72	2023-04-28 06:10:06	2022-04-28 06:10:06	PDR Ltd. d/b/a PublicDomainRegistry.com
myiplocation.info	Pending	-72	2023-04-28 10:02:03	2022-04-28 10:02:03	GoDaddy.com, LLC
thevaltontrust.info	Pending	-71	2023-04-28 13:46:39	2006-04-28 13:46:39	Network Solutions, LLC
nobuffer.info	Pending	-71	2023-04-28 13:51:17	2012-04-28 13:51:17	GoDaddy.com, LLC
queerchurch.info	Pending	-71	2023-04-28 14:41:15	2012-04-28 14:41:15	GoDaddy.com, LLC
clojurecassandra.info	Pending	-71	2023-04-28 17:47:40	2012-04-28 17:47:40	NameCheap, Inc.
clojurequartz.info	Pending	-71	2023-04-28 17:47:45	2012-04-28 17:47:45	NameCheap, Inc.
augustames.info	Pending	-71	2023-04-28 16:41:59	2016-04-28 16:41:59	1API GmbH
touchcloud.info	Pending	-71	2023-04-29 07:34:28	2016-04-29 07:34:28	PDR Ltd. d/b/a PublicDomainRegistry.com
vipbusiness.info	Pending	-71	2023-04-28 13:44:07	2017-04-28 13:44:07	NameCheap, Inc.
iziwinmoney.info	Pending	-71	2023-04-28 19:00:54	2017-04-28 19:00:54	NameCheap, Inc.
bakingathome.info	Pending	-71	2023-04-29 01:07:54	2019-04-29 01:07:54	NameCheap, Inc.
letsbake.info	Pending	-71	2023-04-29 01:07:54	2019-04-29 01:07:54	NameCheap, Inc.
loveourpets.info	Pending	-71	2023-04-29 01:08:00	2019-04-29 01:08:00	NameCheap, Inc.
infomildcasino.info	Pending	-71	2023-04-29 06:00:31	2019-04-29 06:00:31	NameCheap, Inc.
bii.info	Pending	-71	2023-04-29 10:09:33	2019-04-29 10:09:33	Dynadot, LLC
ft88.info	Pending	-71	2023-04-29 10:14:05	2019-04-29 10:14:05	Dynadot, LLC
coldweatherclothing.info	Pending	-71	2023-04-29 10:08:55	2020-04-29 10:08:55	Launchpad.com Inc.
pmx.info	Pending	-71	2023-04-29 10:17:27	2020-04-29 10:17:27	Dynadot, LLC
treesforall.info	Pending	-71	2023-04-29 10:23:04	2020-04-29 10:23:04	Dynadot, LLC
uur2.info	Pending	-71	2023-04-29 10:23:05	2020-04-29 10:23:05	Dynadot, LLC
jaka.info	Pending	-71	2023-04-29 10:40:37	2020-04-29 10:40:37	Dynadot, LLC
xvedios.info	Pending	-71	2023-04-28 12:21:31	2021-04-28 12:21:31	NameCheap, Inc.
fastnews24.info	Pending	-71	2023-04-28 17:05:35	2021-04-28 17:05:35	NameCheap, Inc.
anemtp.info	Pending	-71	2023-04-29 02:37:17	2021-04-29 02:37:17	Network Solutions, LLC
ck-media.info	Pending	-71	2023-04-29 06:19:59	2021-04-29 06:19:59	HOSTINGER operations, UAB
orasul.info	Pending	-71	2023-04-28 13:46:45	2022-04-28 13:46:45	EuroDNS S.A.
non-art.info	Pending	-71	2023-04-28 16:40:21	2022-04-28 16:40:21	Porkbun LLC
4dpoin.info	Pending	-71	2023-04-28 16:40:32	2022-04-28 16:40:32	Porkbun LLC
videotutorialspot.info	Pending	-71	2023-04-28 16:40:41	2022-04-28 16:40:41	Porkbun LLC
picturemyworld.info	Pending	-71	2023-04-28 16:40:52	2022-04-28 16:40:52	Porkbun LLC
breitenberg.info	Pending	-71	2023-04-28 16:40:59	2022-04-28 16:40:59	Porkbun LLC
sozdatel.info	Pending	-71	2023-04-28 16:41:20	2022-04-28 16:41:20	Porkbun LLC
nordrus.info	Pending	-71	2023-04-28 16:41:25	2022-04-28 16:41:25	Porkbun LLC
cinefun4all.info	Pending	-71	2023-04-28 16:41:31	2022-04-28 16:41:31	Porkbun LLC
marshilltheater.info	Pending	-71	2023-04-28 16:41:37	2022-04-28 16:41:37	Porkbun LLC
back-surgery.info	Pending	-71	2023-04-28 16:41:44	2022-04-28 16:41:44	Porkbun LLC
braingym.info	Pending	-71	2023-04-28 16:41:59	2022-04-28 16:41:59	Porkbun LLC
learndesign.info	Pending	-71	2023-04-28 16:42:09	2022-04-28 16:42:09	Porkbun LLC
damynghetp.info	Pending	-71	2023-04-28 16:42:14	2022-04-28 16:42:14	Porkbun LLC
small-talk.info	Pending	-71	2023-04-28 16:53:18	2022-04-28 16:53:18	Dynadot, LLC
teatrotoniolo.info	Pending	-71	2023-04-28 17:02:18	2022-04-28 17:02:18	Dynadot, LLC
specialmoments.info	Pending	-71	2023-04-28 21:30:03	2022-04-28 21:30:03	NameCheap, Inc.
jp4.info	Pending	-71	2023-04-29 02:01:22	2022-04-29 02:01:22	Name.com, Inc.
eushopper.info	Pending	-71	2023-04-29 02:16:22	2022-04-29 02:16:22	NameCheap, Inc.
komachi-onlineshop.info	Pending	-71	2023-04-29 04:23:44	2022-04-29 04:23:44	NameCheap, Inc.
677303.info	Pending	-71	2023-04-29 07:00:04	2022-04-29 07:00:04	NameCheap, Inc.
dreamlands.info	Pending	-71	2023-04-29 09:19:13	2022-04-29 09:19:13	NameCheap, Inc.
photousa.info	Pending	-71	2023-04-29 09:27:36	2022-04-29 09:27:36	Dynadot, LLC
nanyo.info	Pending	-71	2023-04-29 09:27:36	2022-04-29 09:27:36	Dynadot, LLC
yamamuro.info	Pending	-71	2023-04-29 09:27:36	2022-04-29 09:27:36	Dynadot, LLC
manueel-praktizijn.info	Pending	-71	2023-04-29 09:27:36	2022-04-29 09:27:36	Dynadot, LLC
voteforjesus.info	Pending	-71	2023-04-29 09:27:36	2022-04-29 09:27:36	Dynadot, LLC
lepa.info	Pending	-71	2023-04-29 09:27:37	2022-04-29 09:27:37	Dynadot, LLC
aecp.info	Pending	-71	2023-04-29 09:27:37	2022-04-29 09:27:37	Dynadot, LLC
alanedmunds.info	Pending	-71	2023-04-29 09:27:37	2022-04-29 09:27:37	Dynadot, LLC
irishmusician.info	Pending	-71	2023-04-29 09:27:37	2022-04-29 09:27:37	Dynadot, LLC
fewo-feha.info	Pending	-71	2023-04-29 09:27:37	2022-04-29 09:27:37	Dynadot, LLC
landgasthaeuser.info	Pending	-71	2023-04-29 09:27:37	2022-04-29 09:27:37	Dynadot, LLC
wizconnect.info	Pending	-71	2023-04-29 11:32:20	2022-04-29 11:32:20	NameCheap, Inc.
interiordesignschools.info	Pending	-70	2023-04-29 18:41:33	2003-04-29 18:41:33	GoDaddy.com, LLC
stanmorepublicschool.info	Pending	-70	2023-04-30 03:08:56	2009-04-30 03:08:56	Key-Systems GmbH
nestortiglao.info	Pending	-70	2023-04-30 01:31:22	2011-04-30 01:31:22	PDR Ltd. d/b/a PublicDomainRegistry.com
bgmco.info	Pending	-70	2023-04-30 04:42:34	2012-04-30 04:42:34	GoDaddy.com, LLC
connectedchild.info	Pending	-70	2023-04-29 21:09:09	2013-04-29 21:09:09	Tucows Domains Inc.
sportbooks365.info	Pending	-70	2023-04-30 08:23:17	2013-04-30 08:23:17	GoDaddy.com, LLC
aljusouralarabiya.info	Pending	-70	2023-04-29 20:12:49	2018-04-29 20:12:49	PDR Ltd. d/b/a PublicDomainRegistry.com
canadianrockies.info	Pending	-70	2023-04-29 23:02:40	2018-04-29 23:02:40	GoDaddy.com, LLC
freeweed.info	Pending	-70	2023-04-29 19:51:06	2019-04-29 19:51:06	NameCheap, Inc.
natureforlife.info	Pending	-70	2023-04-29 13:16:01	2020-04-29 13:16:01	NameCheap, Inc.
heavenermysteries.info	Pending	-70	2023-04-29 20:51:14	2020-04-29 20:51:14	GoDaddy.com, LLC
freespiritcentre.info	Pending	-70	2023-04-30 10:12:26	2020-04-30 10:12:26	Dynadot3 LLC
wordalot-answers.info	Pending	-70	2023-04-30 10:42:15	2020-04-30 10:42:15	Dynadot, LLC
themomlinkclub.info	Pending	-70	2023-04-29 13:53:56	2021-04-29 13:53:56	GoDaddy.com, LLC
shanshandigital.info	Pending	-70	2023-04-29 19:56:48	2021-04-29 19:56:48	GoDaddy.com, LLC
cigvape.info	Pending	-70	2023-04-29 14:49:38	2022-04-29 14:49:38	GoDaddy.com, LLC
tribunecitoyenne.info	Pending	-70	2023-04-29 15:34:49	2022-04-29 15:34:49	Dynadot, LLC
dailystories.info	Pending	-70	2023-04-29 16:12:32	2022-04-29 16:12:32	NameCheap, Inc.
roolo.info	Pending	-70	2023-04-29 16:22:01	2022-04-29 16:22:01	NameCheap, Inc.
denisbeta.info	Pending	-70	2023-04-29 17:00:34	2022-04-29 17:00:34	Dynadot, LLC
fastvicodin.info	Pending	-70	2023-04-29 17:30:50	2022-04-29 17:30:50	Above.com Pty Ltd.
soski-24.info	Pending	-70	2023-04-29 17:30:51	2022-04-29 17:30:51	Above.com Pty Ltd.
projectwonderland.info	Pending	-70	2023-04-29 17:30:53	2022-04-29 17:30:53	Above.com Pty Ltd.
save-pj.info	Pending	-70	2023-04-29 17:31:12	2022-04-29 17:31:12	Above.com Pty Ltd.
kgcode.info	Pending	-70	2023-04-29 17:31:15	2022-04-29 17:31:15	Above.com Pty Ltd.
fueron-dr.info	Pending	-70	2023-04-29 17:31:39	2022-04-29 17:31:39	Above.com Pty Ltd.
frank2019.info	Pending	-70	2023-04-29 17:31:57	2022-04-29 17:31:57	Above.com Pty Ltd.
nostalgiacasino.info	Pending	-70	2023-04-29 17:32:08	2022-04-29 17:32:08	Above.com Pty Ltd.
onellet.info	Pending	-70	2023-04-29 17:32:14	2022-04-29 17:32:14	Above.com Pty Ltd.
k8sadmin.info	Pending	-70	2023-04-29 17:32:14	2022-04-29 17:32:14	Above.com Pty Ltd.
watchdeaonline.info	Pending	-70	2023-04-29 17:32:26	2022-04-29 17:32:26	Above.com Pty Ltd.
historia-menej.info	Pending	-70	2023-04-29 17:32:38	2022-04-29 17:32:38	Above.com Pty Ltd.
fondshzs.info	Pending	-70	2023-04-29 17:32:44	2022-04-29 17:32:44	Above.com Pty Ltd.
pso2-uploda.info	Pending	-70	2023-04-29 17:32:54	2022-04-29 17:32:54	Above.com Pty Ltd.
9iduh.info	Pending	-70	2023-04-29 17:33:03	2022-04-29 17:33:03	Above.com Pty Ltd.
tajga.info	Pending	-70	2023-04-29 17:33:07	2022-04-29 17:33:07	Above.com Pty Ltd.
heart-and-heart.info	Pending	-70	2023-04-29 17:33:17	2022-04-29 17:33:17	Above.com Pty Ltd.
soundspur.info	Pending	-70	2023-04-29 17:33:24	2022-04-29 17:33:24	Above.com Pty Ltd.
actupeople.info	Pending	-70	2023-04-29 18:53:11	2022-04-29 18:53:11	NameCheap, Inc.
decorhouse.info	Pending	-70	2023-04-29 19:30:46	2022-04-29 19:30:46	NameCheap, Inc.
ldsresources.info	Pending	-70	2023-04-29 19:32:26	2022-04-29 19:32:26	Dynadot, LLC
bestgadgets.info	Pending	-70	2023-04-29 19:43:18	2022-04-29 19:43:18	HOSTINGER operations, UAB
currencysense.info	Pending	-70	2023-04-29 21:06:53	2022-04-29 21:06:53	NameCheap, Inc.
dmos.info	Pending	-70	2023-04-29 23:45:54	2022-04-29 23:45:54	Dynadot, LLC
bamyan.info	Pending	-70	2023-04-30 04:44:35	2022-04-30 04:44:35	NameCheap, Inc.
new-build.info	Pending	-70	2023-04-30 04:51:39	2022-04-30 04:51:39	GMO Internet, Inc. d/b/a Onamae.com
myso.info	Pending	-70	2023-04-30 05:29:56	2022-04-30 05:29:56	NameCheap, Inc.
staroka.info	Pending	-70	2023-04-30 06:26:24	2022-04-30 06:26:24	Dynadot, LLC
cyberthumbhutani.info	Pending	-70	2023-04-30 09:28:27	2022-04-30 09:28:27	GoDaddy.com, LLC
theodoratsikrika.info	Pending	-69	2023-04-30 18:51:57	2011-04-30 18:51:57	eNom, LLC
legal-system.info	Pending	-69	2023-04-30 19:26:35	2017-04-30 19:26:35	Network Solutions, LLC
bdobase.info	Pending	-69	2023-05-01 10:13:50	2018-05-01 10:13:50	Dynadot, LLC
scorepredictions.info	Pending	-69	2023-04-30 12:51:03	2019-04-30 12:51:03	GoDaddy.com, LLC
ovr.info	Pending	-69	2023-05-01 10:18:13	2020-05-01 10:18:13	Dynadot, LLC
pajamas.info	Pending	-69	2023-05-01 10:18:18	2020-05-01 10:18:18	Dynadot0 LLC
vsv.info	Pending	-69	2023-05-01 10:23:41	2020-05-01 10:23:41	Dynadot, LLC
ristorantelasirena.info	Pending	-69	2023-04-30 13:44:15	2021-04-30 13:44:15	PDR Ltd. d/b/a PublicDomainRegistry.com
megont.info	Pending	-69	2023-04-30 15:32:03	2021-04-30 15:32:03	Dynadot, LLC
best-casinos-software.info	Pending	-69	2023-05-01 05:16:34	2021-05-01 05:16:34	NameCheap, Inc.
studyofplace.info	Pending	-69	2023-04-30 17:36:21	2022-04-30 17:36:21	NameCheap, Inc.
commentpirateruncomptefb.info	Pending	-69	2023-04-30 20:06:00	2022-04-30 20:06:00	GoDaddy.com, LLC
phoenix-stock.info	Pending	-69	2023-04-30 20:59:53	2022-04-30 20:59:53	Dynadot, LLC
otomotif.info	Pending	-69	2023-05-01 02:25:18	2022-05-01 02:25:18	Web Commerce Communications Limited dba WebNic.cc
redchaco.info	Pending	-69	2023-05-01 10:45:16	2022-05-01 10:45:16	NameCheap, Inc.
quantivision.info	Pending	-68	2023-05-02 08:36:35	2011-05-02 08:36:35	Key-Systems GmbH
casadeli.info	Pending	-68	2023-05-01 18:05:26	2017-05-01 18:05:26	GoDaddy.com, LLC
hitoreal.info	Pending	-68	2023-05-02 01:38:53	2017-05-02 01:38:53	GMO Internet, Inc. d/b/a Onamae.com
formatsurat.info	Pending	-68	2023-05-02 08:41:50	2017-05-02 08:41:50	NameCheap, Inc.
la-isla-bonita.info	Pending	-68	2023-05-02 10:17:05	2019-05-02 10:17:05	Key-Systems GmbH
bolnetwork.info	Pending	-68	2023-05-02 09:49:20	2020-05-02 09:49:20	PDR Ltd. d/b/a PublicDomainRegistry.com
quansuvn.info	Pending	-68	2023-05-01 14:31:29	2021-05-01 14:31:29	Adomainofyourown.com LLC
oax.info	Pending	-68	2023-05-02 01:58:15	2021-05-02 01:58:15	NameCheap, Inc.
hctv.info	Pending	-68	2023-05-02 07:17:13	2021-05-02 07:17:13	NameCheap, Inc.
ewebdirectory.info	Pending	-68	2023-05-02 07:17:18	2021-05-02 07:17:18	NameCheap, Inc.
hereticus-economicus.info	Pending	-68	2023-05-01 22:42:37	2022-05-01 22:42:37	Porkbun LLC
needlephobia.info	Pending	-68	2023-05-01 22:42:39	2022-05-01 22:42:39	Porkbun LLC
junaldpascua.info	Pending	-68	2023-05-01 22:42:41	2022-05-01 22:42:41	Porkbun LLC
impulsivebuyer.info	Pending	-68	2023-05-01 22:42:44	2022-05-01 22:42:44	Porkbun LLC
cincinnatiwebdesign.info	Pending	-68	2023-05-01 22:42:47	2022-05-01 22:42:47	Porkbun LLC
green-ch.info	Pending	-68	2023-05-01 22:42:49	2022-05-01 22:42:49	Porkbun LLC
netyellowpages.info	Pending	-68	2023-05-01 22:42:55	2022-05-01 22:42:55	Porkbun LLC
madridopen.info	Pending	-68	2023-05-01 22:42:58	2022-05-01 22:42:58	Porkbun LLC
fastuploads.info	Pending	-68	2023-05-01 22:43:03	2022-05-01 22:43:03	Porkbun LLC
catch-a-blog.info	Pending	-68	2023-05-01 22:43:08	2022-05-01 22:43:08	Porkbun LLC
berhane-yesus.info	Pending	-67	2023-05-02 16:16:20	2012-05-02 16:16:20	eNom, LLC
europaterkepek.info	Pending	-67	2023-05-03 07:58:29	2012-05-03 07:58:29	Gransy, s.r.o. d/b/a subreg.cz
bnatgames.info	Pending	-67	2023-05-03 10:56:09	2013-05-03 10:56:09	GoDaddy.com, LLC
fxlotto.info	Pending	-67	2023-05-02 16:40:50	2017-05-02 16:40:50	PDR Ltd. d/b/a PublicDomainRegistry.com
aperfectimage.info	Pending	-67	2023-05-03 10:05:52	2018-05-03 10:05:52	Dynadot, LLC
kodybank.info	Pending	-67	2023-05-03 11:14:12	2018-05-03 11:14:12	Gransy, s.r.o. d/b/a subreg.cz
eastbazar.info	Pending	-67	2023-05-03 09:27:23	2020-05-03 09:27:23	eNom, LLC
bigtitshugeasses.info	Pending	-67	2023-05-03 10:07:28	2020-05-03 10:07:28	PDR Ltd. d/b/a PublicDomainRegistry.com
cfw.info	Pending	-67	2023-05-03 10:08:08	2020-05-03 10:08:08	Dynadot, LLC
wrf.info	Pending	-67	2023-05-03 10:18:38	2020-05-03 10:18:38	Dynadot, LLC
sweetashcandles.info	Pending	-67	2023-05-02 14:07:45	2021-05-02 14:07:45	Network Solutions, LLC
gudanggames.info	Pending	-67	2023-05-03 05:23:49	2021-05-03 05:23:49	Name.com, Inc.
loverfaq.info	Pending	-67	2023-05-02 15:01:50	2022-05-02 15:01:50	Dynadot, LLC
kadincamoda.info	Pending	-67	2023-05-02 15:27:17	2022-05-02 15:27:17	Dynadot, LLC
birthdaywishespoint.info	Pending	-67	2023-05-02 16:41:30	2022-05-02 16:41:30	NameCheap, Inc.
religiouslyremapped.info	Pending	-67	2023-05-02 18:18:05	2022-05-02 18:18:05	NameCheap, Inc.
santamonicanews.info	Pending	-67	2023-05-02 18:18:08	2022-05-02 18:18:08	NameCheap, Inc.
thebflix.info	Pending	-67	2023-05-02 21:03:05	2022-05-02 21:03:05	Gransy, s.r.o. d/b/a subreg.cz
cercandocasa.info	Pending	-67	2023-05-02 21:25:48	2022-05-02 21:25:48	Server Plan Srl
lawpages.info	Pending	-67	2023-05-02 23:08:17	2022-05-02 23:08:17	Porkbun LLC
yogaupchar.info	Pending	-67	2023-05-03 06:06:57	2022-05-03 06:06:57	Wild West Domains, LLC
taigamedanhbai.info	Pending	-67	2023-05-03 07:32:31	2022-05-03 07:32:31	NameCheap, Inc.
digitalcode13.info	Pending	-67	2023-05-03 09:39:40	2022-05-03 09:39:40	Network Solutions, LLC
morosan.info	Pending	-66	2023-05-03 20:49:52	2005-05-03 20:49:52	GoDaddy.com, LLC
silverhour.info	Pending	-66	2023-05-04 00:37:07	2009-05-04 00:37:07	Fastdomain Inc.
exumapark.info	Pending	-66	2023-05-04 11:05:45	2012-05-04 11:05:45	NameCheap, Inc.
asclswyoming.info	Pending	-66	2023-05-04 00:09:34	2018-05-04 00:09:34	GoDaddy.com, LLC
japanmorningpost.info	Pending	-66	2023-05-03 13:07:50	2019-05-03 13:07:50	NameCheap, Inc.
jonathancheechoo.info	Pending	-66	2023-05-03 17:52:09	2020-05-03 17:52:09	GoDaddy.com, LLC
teysj.info	Pending	-66	2023-05-03 17:55:13	2021-05-03 17:55:13	Above.com Pty Ltd.
healthgurus.info	Pending	-66	2023-05-04 07:12:37	2021-05-04 07:12:37	GoDaddy.com, LLC
nicehealth.info	Pending	-66	2023-05-04 07:12:37	2021-05-04 07:12:37	GoDaddy.com, LLC
emailprocessingjobs.info	Pending	-66	2023-05-04 07:29:40	2021-05-04 07:29:40	NameCheap, Inc.
healthfactor.info	Pending	-66	2023-05-03 16:53:55	2022-05-03 16:53:55	NameCheap, Inc.
freediamondff.info	Pending	-66	2023-05-03 17:00:01	2022-05-03 17:00:01	CommuniGal Communications Ltd.
treintjes.info	Pending	-66	2023-05-03 17:19:07	2022-05-03 17:19:07	NameCheap, Inc.
safespaceservices.info	Pending	-66	2023-05-03 18:42:22	2022-05-03 18:42:22	Network Solutions, LLC
getebook.info	Pending	-66	2023-05-03 21:49:49	2022-05-03 21:49:49	NameCheap, Inc.
mscsteel.info	Pending	-66	2023-05-03 22:56:26	2022-05-03 22:56:26	NameCheap, Inc.
yinhdh.info	Pending	-66	2023-05-04 02:14:36	2022-05-04 02:14:36	NameSilo, LLC
chat1007.info	Pending	-66	2023-05-04 02:44:28	2022-05-04 02:44:28	NameCheap, Inc.
dasung.info	Pending	-66	2023-05-04 02:57:35	2022-05-04 02:57:35	NameCheap, Inc.
bagelexperiencecomsurvey.info	Pending	-66	2023-05-04 08:48:14	2022-05-04 08:48:14	Dynadot, LLC
tiktak.info	Pending	-66	2023-05-04 09:33:03	2022-05-04 09:33:03	Gransy, s.r.o. d/b/a subreg.cz
adventrip.info	Pending	-66	2023-05-04 10:06:15	2022-05-04 10:06:15	Dynadot, LLC
smartinvestors.info	Pending	-66	2023-05-04 11:56:13	2022-05-04 11:56:13	GoDaddy.com, LLC
whatcolor.info	Pending	-66	2023-05-04 12:25:59	2022-05-04 12:25:59	Cloudflare, Inc
bleacherbums.info	Pending	-65	2023-05-04 15:22:11	2007-05-04 15:22:11	GoDaddy.com, LLC
wellstattherapeutics.info	Pending	-65	2023-05-04 17:00:51	2009-05-04 17:00:51	Network Solutions, LLC
lycee-martin-v.info	Pending	-65	2023-05-05 08:16:20	2009-05-05 08:16:20	Tucows Domains Inc.
colorsplash.info	Pending	-65	2023-05-05 06:36:54	2013-05-05 06:36:54	GoDaddy.com, LLC
afroscholar.info	Pending	-65	2023-05-05 06:33:35	2014-05-05 06:33:35	Key-Systems GmbH
challengemachine.info	Pending	-65	2023-05-04 18:37:31	2016-05-04 18:37:31	Network Solutions, LLC
besthomeimprovement.info	Pending	-65	2023-05-04 16:11:29	2018-05-04 16:11:29	NameCheap, Inc.
jis.info	Pending	-65	2023-05-05 10:13:22	2020-05-05 10:13:22	Dynadot14
nwd.info	Pending	-65	2023-05-05 10:16:46	2020-05-05 10:16:46	Dynadot, LLC
cardanofaucet.info	Pending	-65	2023-05-04 14:31:05	2021-05-04 14:31:05	CommuniGal Communications Ltd.
overflix.info	Pending	-65	2023-05-04 14:31:38	2021-05-04 14:31:38	CommuniGal Communications Ltd.
ccwenatchee.info	Pending	-65	2023-05-04 18:10:32	2021-05-04 18:10:32	Register.com, Inc.
aparatmovie.info	Pending	-65	2023-05-05 05:27:56	2021-05-05 05:27:56	Dynadot, LLC
odenaviva.info	Pending	-65	2023-05-04 14:14:51	2022-05-04 14:14:51	Porkbun LLC
womantravel.info	Pending	-65	2023-05-04 15:23:38	2022-05-04 15:23:38	Dynadot, LLC
linkaway.info	Pending	-65	2023-05-04 17:10:46	2022-05-04 17:10:46	NameCheap, Inc.
cchpfire.info	Pending	-65	2023-05-04 18:20:46	2022-05-04 18:20:46	GoDaddy.com, LLC
eskisehircilingir.info	Pending	-65	2023-05-04 20:19:29	2022-05-04 20:19:29	Porkbun LLC
alejandro-valverde.info	Pending	-65	2023-05-04 20:19:36	2022-05-04 20:19:36	Porkbun LLC
easyprints.info	Pending	-65	2023-05-04 20:19:40	2022-05-04 20:19:40	Porkbun LLC
pockethp.info	Pending	-65	2023-05-04 20:19:56	2022-05-04 20:19:56	Porkbun LLC
13534abercorn.info	Pending	-65	2023-05-04 21:15:10	2022-05-04 21:15:10	NameCheap, Inc.
howtocookbacon.info	Pending	-65	2023-05-04 21:40:31	2022-05-04 21:40:31	NameCheap, Inc.
advisor-login.info	Pending	-65	2023-05-05 05:12:15	2022-05-05 05:12:15	GoDaddy.com, LLC
parent-logins.info	Pending	-65	2023-05-05 05:17:35	2022-05-05 05:17:35	GoDaddy.com, LLC
parentvue-login.info	Pending	-65	2023-05-05 05:17:35	2022-05-05 05:17:35	GoDaddy.com, LLC
april2018calendar.info	Pending	-65	2023-05-05 05:17:59	2022-05-05 05:17:59	Dynadot, LLC
gas-login.info	Pending	-65	2023-05-05 05:31:19	2022-05-05 05:31:19	GoDaddy.com, LLC
power-login.info	Pending	-65	2023-05-05 05:31:28	2022-05-05 05:31:28	GoDaddy.com, LLC
newshubs.info	Pending	-65	2023-05-05 08:29:05	2022-05-05 08:29:05	NameCheap, Inc.
paragon168.info	Pending	-65	2023-05-05 08:42:58	2022-05-05 08:42:58	Dynadot, LLC
poinqqc.info	Pending	-65	2023-05-05 08:45:08	2022-05-05 08:45:08	NameCheap, Inc.
recoverfunds.info	Pending	-65	2023-05-05 11:18:51	2022-05-05 11:18:51	OwnRegistrar Inc
catworks.info	Pending	-64	2023-05-06 04:40:32	2003-05-06 04:40:32	TLDs L.L.C. d/b/a SRSPlus
seonation.info	Pending	-64	2023-05-05 14:23:56	2007-05-05 14:23:56	GoDaddy.com, LLC
orto-molecular.info	Pending	-64	2023-05-05 21:12:45	2010-05-05 21:12:45	eNom, LLC
iloveleedsrugby.info	Pending	-64	2023-05-06 10:18:32	2010-05-06 10:18:32	GoDaddy.com, LLC
ilovesaracensrugby.info	Pending	-64	2023-05-06 10:18:32	2010-05-06 10:18:32	GoDaddy.com, LLC
ilovebathrugby.info	Pending	-64	2023-05-06 10:18:32	2010-05-06 10:18:32	GoDaddy.com, LLC
ilovegloucesterrugby.info	Pending	-64	2023-05-06 10:18:36	2010-05-06 10:18:36	GoDaddy.com, LLC
we-love-golf.info	Pending	-64	2023-05-06 10:23:15	2010-05-06 10:23:15	GoDaddy.com, LLC
nancyhelm-estabrooks.info	Pending	-64	2023-05-05 15:14:14	2011-05-05 15:14:14	eNom, LLC
rtsamplr.info	Pending	-64	2023-05-06 08:14:04	2013-05-06 08:14:04	DreamHost, LLC
misiak.info	Pending	-64	2023-05-05 12:42:12	2015-05-05 12:42:12	Domain.com, LLC
joinlagu.info	Pending	-64	2023-05-06 11:54:22	2017-05-06 11:54:22	UK-2 Limited
giy.info	Pending	-64	2023-05-06 10:14:52	2018-05-06 10:14:52	NameCheap, Inc.
aliasinvestigations.info	Pending	-64	2023-05-05 16:44:15	2020-05-05 16:44:15	Network Solutions, LLC
sladkoe.info	Pending	-64	2023-05-05 18:31:45	2020-05-05 18:31:45	Registrar of Domain Names REG.RU LLC
miaedelgart.info	Pending	-64	2023-05-05 18:46:08	2020-05-05 18:46:08	eNom, LLC
chrysaliscoaching.info	Pending	-64	2023-05-06 03:06:36	2020-05-06 03:06:36	Tucows Domains Inc.
saltwaterculturaltours.info	Pending	-64	2023-05-06 08:39:56	2020-05-06 08:39:56	Network Solutions, LLC
madeupnorth.info	Pending	-64	2023-05-05 14:26:35	2021-05-05 14:26:35	Network Solutions, LLC
gryfino.info	Pending	-64	2023-05-05 14:31:09	2021-05-05 14:31:09	Key-Systems GmbH
health-medicine.info	Pending	-64	2023-05-05 14:31:22	2021-05-05 14:31:22	Dynadot, LLC
larsholst.info	Pending	-64	2023-05-05 16:32:13	2021-05-05 16:32:13	Atak Domain Bilgi Teknolojileri Inc.
smileup.info	Pending	-64	2023-05-06 06:42:36	2021-05-06 06:42:36	OVH SAS
cwfitness.info	Pending	-64	2023-05-06 10:04:33	2021-05-06 10:04:33	Network Solutions, LLC
tvoydom.info	Pending	-64	2023-05-05 17:00:02	2022-05-05 17:00:02	CommuniGal Communications Ltd.
autovakuutus.info	Pending	-64	2023-05-05 17:00:03	2022-05-05 17:00:03	CommuniGal Communications Ltd.
bicicletaselectricas.info	Pending	-64	2023-05-05 17:00:03	2022-05-05 17:00:03	CommuniGal Communications Ltd.
anime-currency.info	Pending	-64	2023-05-05 17:00:03	2022-05-05 17:00:03	CommuniGal Communications Ltd.
pastmedia.info	Pending	-64	2023-05-05 17:35:52	2022-05-05 17:35:52	Porkbun LLC
goldbergcohenfamily.info	Pending	-64	2023-05-05 17:59:28	2022-05-05 17:59:28	NameCheap, Inc.
freetutorial.info	Pending	-64	2023-05-05 17:59:36	2022-05-05 17:59:36	NameCheap, Inc.
file2store.info	Pending	-64	2023-05-05 23:39:56	2022-05-05 23:39:56	Dynadot, LLC
g-inc.info	Pending	-64	2023-05-06 04:21:11	2022-05-06 04:21:11	NameCheap, Inc.
livedemo.info	Pending	-64	2023-05-06 05:43:42	2022-05-06 05:43:42	GoDaddy.com, LLC
animalsplanet.info	Pending	-64	2023-05-06 07:18:28	2022-05-06 07:18:28	NameCheap, Inc.
bokepku.info	Pending	-64	2023-05-06 07:44:17	2022-05-06 07:44:17	Porkbun LLC
up4me.info	Pending	-64	2023-05-06 07:46:27	2022-05-06 07:46:27	GoDaddy.com, LLC
quatangsep.info	Pending	-64	2023-05-06 10:29:21	2022-05-06 10:29:21	NameCheap, Inc.
amsterdammarijuanaseeds.info	Pending	-63	2023-05-06 20:51:05	2003-05-06 20:51:05	GoDaddy.com, LLC
rodoaza.info	Pending	-63	2023-05-06 20:28:37	2015-05-06 20:28:37	Tucows Domains Inc.
rapportjapan.info	Pending	-63	2023-05-07 00:30:54	2016-05-07 00:30:54	GoDaddy.com, LLC
newkingsportspeedway.info	Pending	-63	2023-05-06 12:24:14	2017-05-06 12:24:14	UK-2 Limited
shadesofvietnam.info	Pending	-63	2023-05-07 09:25:30	2018-05-07 09:25:30	GoDaddy.com, LLC
nkcity.info	Pending	-63	2023-05-07 10:26:36	2018-05-07 10:26:36	GoDaddy.com, LLC
drewjohnson.info	Pending	-63	2023-05-06 21:17:35	2019-05-06 21:17:35	Network Solutions, LLC
personalloanmover.info	Pending	-63	2023-05-06 15:05:09	2020-05-06 15:05:09	GoDaddy.com, LLC
ad-ssh.info	Pending	-63	2023-05-07 10:06:32	2020-05-07 10:06:32	Edomains LLC
rkg.info	Pending	-63	2023-05-07 10:18:11	2020-05-07 10:18:11	Dynadot, LLC
fashioncat.info	Pending	-63	2023-05-06 14:02:25	2021-05-06 14:02:25	Network Solutions, LLC
euroceny.info	Pending	-63	2023-05-06 18:57:33	2021-05-06 18:57:33	Key-Systems GmbH
canadiancourier.info	Pending	-63	2023-05-07 07:25:33	2021-05-07 07:25:33	NameCheap, Inc.
espaceol.info	Pending	-63	2023-05-07 10:12:18	2021-05-07 10:12:18	NameCheap, Inc.
watercolourweddings.info	Pending	-63	2023-05-06 12:59:50	2022-05-06 12:59:50	Network Solutions, LLC
rakukobo.info	Pending	-63	2023-05-06 15:04:20	2022-05-06 15:04:20	GMO Internet, Inc. d/b/a Onamae.com
aichi-covid19.info	Pending	-63	2023-05-06 15:19:53	2022-05-06 15:19:53	Dynadot, LLC
frankc.info	Pending	-63	2023-05-06 16:03:17	2022-05-06 16:03:17	Porkbun LLC
quantitativeresearch.info	Pending	-63	2023-05-06 16:30:10	2022-05-06 16:30:10	NameCheap, Inc.
moira.info	Pending	-63	2023-05-06 17:00:00	2022-05-06 17:00:00	Dynadot, LLC
crystalspa.info	Pending	-63	2023-05-06 17:00:02	2022-05-06 17:00:02	CommuniGal Communications Ltd.
gesundheitsamt.info	Pending	-63	2023-05-06 17:00:02	2022-05-06 17:00:02	Dynadot, LLC
medtronic.info	Pending	-63	2023-05-06 17:00:03	2022-05-06 17:00:03	CommuniGal Communications Ltd.
narodnamedicina.info	Pending	-63	2023-05-06 17:00:03	2022-05-06 17:00:03	CommuniGal Communications Ltd.
slowbike.info	Pending	-63	2023-05-06 19:02:43	2022-05-06 19:02:43	Porkbun LLC
dawnchen.info	Pending	-63	2023-05-06 21:01:59	2022-05-06 21:01:59	GoDaddy.com, LLC
partsdb.info	Pending	-63	2023-05-07 04:02:16	2022-05-07 04:02:16	NameCheap, Inc.
mybarcelona.info	Pending	-63	2023-05-07 09:14:25	2022-05-07 09:14:25	Hosting Concepts B.V. d/b/a Registrar.eu
geo-house.info	Pending	-63	2023-05-07 09:29:03	2022-05-07 09:29:03	Porkbun LLC
culturaenlapalma.info	Pending	-63	2023-05-07 09:29:18	2022-05-07 09:29:18	Porkbun LLC
realviagra.info	Pending	-63	2023-05-07 09:29:21	2022-05-07 09:29:21	Porkbun LLC
sparrenweg.info	Pending	-63	2023-05-07 09:29:24	2022-05-07 09:29:24	Porkbun LLC
mcbpoker.info	Pending	-63	2023-05-07 09:29:26	2022-05-07 09:29:26	Porkbun LLC
seochecklist.info	Pending	-63	2023-05-07 11:44:46	2022-05-07 11:44:46	NameWeb BVBA
stoprush.info	Pending	-62	2023-05-08 01:36:07	2014-05-08 01:36:07	Tucows Domains Inc.
jz3.info	Pending	-62	2023-05-07 12:49:41	2017-05-07 12:49:41	UK-2 Limited
astrawell.info	Pending	-62	2023-05-07 12:49:43	2017-05-07 12:49:43	UK-2 Limited
yuetu.info	Pending	-62	2023-05-07 14:18:03	2017-05-07 14:18:03	GoDaddy.com, LLC
wolnekonopie.info	Pending	-62	2023-05-08 10:10:56	2018-05-08 10:10:56	Internet Domain Service BS Corp
eureka-science.info	Pending	-62	2023-05-07 12:50:07	2020-05-07 12:50:07	Network Solutions, LLC
carusa.info	Pending	-62	2023-05-07 14:40:04	2020-05-07 14:40:04	NameCheap, Inc.
free-mp3-download.info	Pending	-62	2023-05-07 18:13:28	2020-05-07 18:13:28	NameCheap, Inc.
northwestewi.info	Pending	-62	2023-05-07 20:34:04	2020-05-07 20:34:04	GoDaddy.com, LLC
onmyway.info	Pending	-62	2023-05-08 01:38:22	2020-05-08 01:38:22	GMO Internet, Inc. d/b/a Onamae.com
gwo.info	Pending	-62	2023-05-08 10:12:23	2020-05-08 10:12:23	Dynadot, LLC
hrd.info	Pending	-62	2023-05-08 10:12:52	2020-05-08 10:12:52	Dynadot, LLC
jde.info	Pending	-62	2023-05-08 10:13:31	2020-05-08 10:13:31	Dynadot15 LLC
matchmakers.info	Pending	-62	2023-05-08 11:41:01	2020-05-08 11:41:01	Internet Domain Service BS Corp
gethooked.info	Pending	-62	2023-05-07 12:57:47	2021-05-07 12:57:47	NameCheap, Inc.
tut-content.info	Pending	-62	2023-05-07 16:23:18	2021-05-07 16:23:18	NameCheap, Inc.
myhart.info	Pending	-62	2023-05-08 03:35:38	2021-05-08 03:35:38	Register.com, Inc.
cepca.info	Pending	-62	2023-05-08 09:15:26	2021-05-08 09:15:26	GoDaddy.com, LLC
mediaspaces.info	Pending	-62	2023-05-08 10:06:14	2021-05-08 10:06:14	NameCheap, Inc.
xvideos1.info	Pending	-62	2023-05-08 10:19:43	2021-05-08 10:19:43	NameCheap, Inc.
miningbit.info	Pending	-62	2023-05-07 13:15:00	2022-05-07 13:15:00	Dynadot12
pastperfect.info	Pending	-62	2023-05-07 13:17:56	2022-05-07 13:17:56	NameCheap, Inc.
btown.info	Pending	-62	2023-05-07 15:11:02	2022-05-07 15:11:02	NameCheap, Inc.
lichcatdien.info	Pending	-62	2023-05-07 15:15:29	2022-05-07 15:15:29	NameCheap, Inc.
foreignlanguage.info	Pending	-62	2023-05-07 17:00:03	2022-05-07 17:00:03	CommuniGal Communications Ltd.
memorialdayorigin.info	Pending	-62	2023-05-07 17:00:04	2022-05-07 17:00:04	CommuniGal Communications Ltd.
investgazeta.info	Pending	-62	2023-05-07 17:01:04	2022-05-07 17:01:04	Dynadot, LLC
gamebuzz.info	Pending	-62	2023-05-07 17:40:19	2022-05-07 17:40:19	Porkbun LLC
lsdl.info	Pending	-62	2023-05-07 17:40:32	2022-05-07 17:40:32	Porkbun LLC
missouriwestern.info	Pending	-62	2023-05-07 17:42:40	2022-05-07 17:42:40	Porkbun LLC
migliorhosting.info	Pending	-62	2023-05-07 17:42:59	2022-05-07 17:42:59	Porkbun LLC
birdsandanimals.info	Pending	-62	2023-05-07 18:01:31	2022-05-07 18:01:31	PDR Ltd. d/b/a PublicDomainRegistry.com
ncesc.info	Pending	-62	2023-05-07 19:37:24	2022-05-07 19:37:24	NameCheap, Inc.
arbitragecrypto.info	Pending	-62	2023-05-08 02:42:33	2022-05-08 02:42:33	GoDaddy.com, LLC
mutiaraslot.info	Pending	-62	2023-05-08 03:05:15	2022-05-08 03:05:15	NameCheap, Inc.
robloxlogin.info	Pending	-62	2023-05-08 07:33:58	2022-05-08 07:33:58	GoDaddy.com, LLC
highagain.info	Pending	-62	2023-05-08 10:27:47	2022-05-08 10:27:47	NameSilo, LLC
syounizensoku.info	Pending	-62	2023-05-08 10:41:11	2022-05-08 10:41:11	NameCheap, Inc.
bridge2far.info	Pending	-61	2023-05-08 13:01:52	2004-05-08 13:01:52	Network Solutions, LLC
rickmckinley.info	Pending	-61	2023-05-08 15:34:58	2009-05-08 15:34:58	DreamHost, LLC
igtgolf.info	Pending	-61	2023-05-08 16:43:48	2012-05-08 16:43:48	Tucows Domains Inc.
whatdosharkseat.info	Pending	-61	2023-05-08 19:13:26	2012-05-08 19:13:26	GoDaddy.com, LLC
artisticdesignconcepts.info	Pending	-61	2023-05-08 20:14:25	2012-05-08 20:14:25	GoDaddy.com, LLC
liveorganic.info	Pending	-61	2023-05-09 01:29:05	2014-05-09 01:29:05	GoDaddy.com, LLC
allthebestmedia.info	Pending	-61	2023-05-09 09:04:56	2016-05-09 09:04:56	GoDaddy.com, LLC
mwhealth.info	Pending	-61	2023-05-08 21:53:02	2018-05-08 21:53:02	Dynadot, LLC
caeq.info	Pending	-61	2023-05-09 11:14:00	2018-05-09 11:14:00	NameCheap, Inc.
verystream.info	Pending	-61	2023-05-08 16:00:53	2019-05-08 16:00:53	NameCheap, Inc.
hardgame.info	Pending	-61	2023-05-09 10:12:04	2019-05-09 10:12:04	Dynadot12
tpj.info	Pending	-61	2023-05-09 10:18:09	2019-05-09 10:18:09	Dynadot9 LLC
queenmotherimakhu.info	Pending	-61	2023-05-08 17:26:16	2020-05-08 17:26:16	GoDaddy.com, LLC
android-x86.info	Pending	-61	2023-05-09 08:03:19	2020-05-09 08:03:19	Dynadot, LLC
163x.info	Pending	-61	2023-05-09 08:24:19	2020-05-09 08:24:19	Dynadot, LLC
jhn.info	Pending	-61	2023-05-09 10:14:47	2020-05-09 10:14:47	Dynadot, LLC
srp.info	Pending	-61	2023-05-09 10:21:46	2020-05-09 10:21:46	Dynadot, LLC
subject.info	Pending	-61	2023-05-09 10:21:57	2020-05-09 10:21:57	Dynadot, LLC
technicians.info	Pending	-61	2023-05-09 10:22:12	2020-05-09 10:22:12	Dynadot, LLC
uky.info	Pending	-61	2023-05-09 10:22:53	2020-05-09 10:22:53	Dynadot, LLC
xuanxuan27.info	Pending	-61	2023-05-09 10:23:48	2020-05-09 10:23:48	CommuniGal Communications Ltd.
allby.info	Pending	-61	2023-05-08 21:07:38	2021-05-08 21:07:38	Network Solutions, LLC
health-cancer.info	Pending	-61	2023-05-09 10:27:12	2021-05-09 10:27:12	NameCheap, Inc.
mobile-log.info	Pending	-61	2023-05-09 12:08:30	2021-05-09 12:08:30	Dynadot, LLC
skripsi.info	Pending	-61	2023-05-08 17:00:46	2022-05-08 17:00:46	NameCheap, Inc.
worldofmmu.info	Pending	-61	2023-05-08 17:01:59	2022-05-08 17:01:59	Dynadot, LLC
etheogen.info	Pending	-61	2023-05-08 17:02:32	2022-05-08 17:02:32	Dynadot, LLC
galatia.info	Pending	-61	2023-05-08 17:03:34	2022-05-08 17:03:34	Dynadot, LLC
shikisaikan.info	Pending	-61	2023-05-08 17:34:07	2022-05-08 17:34:07	GMO Internet, Inc. d/b/a Onamae.com
2proxy.info	Pending	-61	2023-05-08 17:44:38	2022-05-08 17:44:38	NameCheap, Inc.
fraser.info	Pending	-61	2023-05-08 17:48:56	2022-05-08 17:48:56	Dynadot, LLC
lunatic.info	Pending	-61	2023-05-08 17:50:32	2022-05-08 17:50:32	Dynadot, LLC
pews.info	Pending	-61	2023-05-08 23:03:37	2022-05-08 23:03:37	Dynadot, LLC
aqsa.info	Pending	-61	2023-05-09 06:51:32	2022-05-09 06:51:32	GoDaddy.com, LLC
ut-s383.info	Pending	-61	2023-05-09 11:31:14	2022-05-09 11:31:14	Register.com, Inc.
prismcasino.info	Pending	-60	2023-05-10 03:10:40	2005-05-10 03:10:40	GoDaddy.com, LLC
studentaids.info	Pending	-60	2023-05-10 06:55:00	2011-05-10 06:55:00	NameCheap, Inc.
4degrees.info	Pending	-60	2023-05-09 16:11:54	2012-05-09 16:11:54	Network Solutions, LLC
chauffeuse-convertible.info	Pending	-60	2023-05-09 17:31:39	2014-05-09 17:31:39	Internet Domain Service BS Corp
homeai.info	Pending	-60	2023-05-09 15:12:58	2015-05-09 15:12:58	GoDaddy.com, LLC
ring0.info	Pending	-60	2023-05-09 12:58:43	2016-05-09 12:58:43	IHS Telekom, Inc.
tyuka.info	Pending	-60	2023-05-09 16:12:08	2018-05-09 16:12:08	Key-Systems GmbH
appeven.info	Pending	-60	2023-05-10 07:51:55	2018-05-10 07:51:55	NameCheap, Inc.
thebesttech.info	Pending	-60	2023-05-09 15:18:00	2019-05-09 15:18:00	NameCheap, Inc.
eus.info	Pending	-60	2023-05-10 10:11:10	2019-05-10 10:11:10	Dynadot9 LLC
montajaerconditionat.info	Pending	-60	2023-05-10 10:50:14	2020-05-10 10:50:14	NameCheap, Inc.
obrtnici.info	Pending	-60	2023-05-10 12:07:15	2020-05-10 12:07:15	NameCheap, Inc.
hotrotaichinh.info	Pending	-60	2023-05-09 13:33:23	2021-05-09 13:33:23	P.A Viet Nam Company Limited
fullcontext.info	Pending	-60	2023-05-09 15:32:15	2021-05-09 15:32:15	Dynadot, LLC
eurodocs.info	Pending	-60	2023-05-09 13:01:50	2022-05-09 13:01:50	GoDaddy.com, LLC
the7.info	Pending	-60	2023-05-09 14:08:30	2022-05-09 14:08:30	NameCheap, Inc.
write-essay.info	Pending	-60	2023-05-09 14:58:50	2022-05-09 14:58:50	PDR Ltd. d/b/a PublicDomainRegistry.com
online-essay.info	Pending	-60	2023-05-09 15:00:23	2022-05-09 15:00:23	PDR Ltd. d/b/a PublicDomainRegistry.com
mkorki.info	Pending	-60	2023-05-09 15:09:23	2022-05-09 15:09:23	CSL Computer Service Langenbach GmbH d/b/a Joker.com
fogtechnikus.info	Pending	-60	2023-05-09 15:16:38	2022-05-09 15:16:38	NameCheap, Inc.
jgraeser.info	Pending	-60	2023-05-09 17:03:47	2022-05-09 17:03:47	Porkbun LLC
demosite2.info	Pending	-60	2023-05-09 17:46:23	2022-05-09 17:46:23	GoDaddy.com, LLC
prev.info	Pending	-60	2023-05-09 19:22:56	2022-05-09 19:22:56	NameCheap, Inc.
karlspreis.info	Pending	-60	2023-05-09 19:56:34	2022-05-09 19:56:34	NameCheap, Inc.
bbqgurus.info	Pending	-60	2023-05-09 19:56:39	2022-05-09 19:56:39	NameCheap, Inc.
vacanciesforyou.info	Pending	-60	2023-05-10 03:45:11	2022-05-10 03:45:11	Name.com, Inc.
jobeya.info	Pending	-60	2023-05-10 03:45:49	2022-05-10 03:45:49	Name.com, Inc.
afx.info	Pending	-60	2023-05-10 04:25:19	2022-05-10 04:25:19	Dynadot, LLC
webhosting-ip.info	Pending	-60	2023-05-10 07:56:44	2022-05-10 07:56:44	NameCheap, Inc.
chaik.info	Pending	-59	2023-05-11 06:33:57	2005-05-11 06:33:57	Regtime Ltd.
byassociation.info	Pending	-59	2023-05-10 20:16:07	2009-05-10 20:16:07	Tucows Domains Inc.
b52-beach-resort-phangan.info	Pending	-59	2023-05-11 09:54:21	2009-05-11 09:54:21	GoDaddy.com, LLC
miraclemiddle.info	Pending	-59	2023-05-10 20:55:08	2010-05-10 20:55:08	Network Solutions, LLC
vntimes.info	Pending	-59	2023-05-10 15:13:22	2011-05-10 15:13:22	NameCheap, Inc.
estmap.info	Pending	-59	2023-05-10 15:39:44	2012-05-10 15:39:44	Porkbun LLC
designelementspa.info	Pending	-59	2023-05-10 20:20:48	2013-05-10 20:20:48	GoDaddy.com, LLC
alt-source.info	Pending	-59	2023-05-10 22:30:19	2016-05-10 22:30:19	Network Solutions, LLC
burrosfootball.info	Pending	-59	2023-05-10 19:14:43	2017-05-10 19:14:43	GoDaddy.com, LLC
ontrackrestorationproject.info	Pending	-59	2023-05-10 14:27:18	2018-05-10 14:27:18	GoDaddy.com, LLC
roobee.info	Pending	-59	2023-05-10 17:46:16	2019-05-10 17:46:16	Registrar of Domain Names REG.RU LLC
alazmina.info	Pending	-59	2023-05-10 15:20:01	2021-05-10 15:20:01	Gransy, s.r.o. d/b/a subreg.cz
tyjr.info	Pending	-59	2023-05-10 15:31:35	2021-05-10 15:31:35	Dynadot, LLC
backroom.info	Pending	-59	2023-05-10 18:12:07	2021-05-10 18:12:07	Network Solutions, LLC
jindoinu.info	Pending	-59	2023-05-11 09:59:29	2021-05-11 09:59:29	Network Solutions, LLC
webdesignjobs.info	Pending	-59	2023-05-11 11:19:24	2021-05-11 11:19:24	101domain GRS Limited
tsover.info	Pending	-59	2023-05-10 13:02:07	2022-05-10 13:02:07	NameCheap, Inc.
tomandbev.info	Pending	-59	2023-05-10 15:46:56	2022-05-10 15:46:56	NameCheap, Inc.
marketingemail.info	Pending	-59	2023-05-10 16:36:21	2022-05-10 16:36:21	NameCheap, Inc.
thelogoshop.info	Pending	-59	2023-05-10 19:59:12	2022-05-10 19:59:12	NameCheap, Inc.
outlookmessages.info	Pending	-59	2023-05-11 03:00:06	2022-05-11 03:00:06	NameCheap, Inc.
leisuremeaning.info	Pending	-59	2023-05-11 03:04:49	2022-05-11 03:04:49	Porkbun LLC
bulgaria-interior.info	Pending	-59	2023-05-11 03:04:53	2022-05-11 03:04:53	Porkbun LLC
website-value-calculator.info	Pending	-59	2023-05-11 03:05:00	2022-05-11 03:05:00	Porkbun LLC
regular-and-chaotic-dynamics.info	Pending	-59	2023-05-11 03:05:09	2022-05-11 03:05:09	Porkbun LLC
mofile.info	Pending	-59	2023-05-11 03:05:14	2022-05-11 03:05:14	Porkbun LLC
rafitoto.info	Pending	-59	2023-05-11 03:05:34	2022-05-11 03:05:34	Porkbun LLC
radiolachevere.info	Pending	-59	2023-05-11 03:05:39	2022-05-11 03:05:39	Porkbun LLC
estatuto.info	Pending	-59	2023-05-11 10:59:33	2022-05-11 10:59:33	Dynadot, LLC
minecraftcommands.info	Pending	-59	2023-05-11 11:32:31	2022-05-11 11:32:31	GoDaddy.com, LLC
seoinfo.info	Pending	-59	2023-05-11 12:17:34	2022-05-11 12:17:34	NameCheap, Inc.
us-exim.info	Pending	-58	2023-05-11 17:36:03	2002-05-11 17:36:03	Network Solutions, LLC
flowerbud.info	Pending	-58	2023-05-11 18:54:20	2004-05-11 18:54:20	Network Solutions, LLC
yashco.info	Pending	-58	2023-05-11 17:55:49	2008-05-11 17:55:49	GoDaddy.com, LLC
abigdayout.info	Pending	-58	2023-05-11 22:35:08	2011-05-11 22:35:08	GoDaddy.com, LLC
mbslanka.info	Pending	-58	2023-05-12 05:57:07	2011-05-12 05:57:07	GoDaddy.com, LLC
matematika-efzg.info	Pending	-58	2023-05-12 11:45:48	2011-05-12 11:45:48	CSL Computer Service Langenbach GmbH d/b/a Joker.com
brice-morin.info	Pending	-58	2023-05-11 15:06:44	2013-05-11 15:06:44	GoDaddy.com, LLC
ipoker.info	Pending	-58	2023-05-12 10:06:21	2014-05-12 10:06:21	Blue Razor Domains, LLC
roadrecycling.info	Pending	-58	2023-05-11 19:23:50	2016-05-11 19:23:50	Network Solutions, LLC
engravingmachine.info	Pending	-58	2023-05-11 13:32:31	2017-05-11 13:32:31	GoDaddy.com, LLC
citylimits.info	Pending	-58	2023-05-12 01:45:07	2017-05-12 01:45:07	LiquidNet Limited
imgcdn.info	Pending	-58	2023-05-12 06:32:33	2018-05-12 06:32:33	NameCheap, Inc.
mybrandstrategist.info	Pending	-58	2023-05-12 02:20:15	2020-05-12 02:20:15	GoDaddy.com, LLC
itcraftbd.info	Pending	-58	2023-05-12 11:40:48	2020-05-12 11:40:48	NameCheap, Inc.
decordiyhub.info	Pending	-58	2023-05-11 15:31:15	2021-05-11 15:31:15	Dynadot, LLC
yoniandbeyond.info	Pending	-58	2023-05-12 01:38:04	2021-05-12 01:38:04	Register.com, Inc.
thelitho.info	Pending	-58	2023-05-12 05:51:44	2021-05-12 05:51:44	GoDaddy.com, LLC
all-bet.info	Pending	-58	2023-05-12 08:51:23	2021-05-12 08:51:23	GoDaddy.com, LLC
lotto168.info	Pending	-58	2023-05-11 13:00:30	2022-05-11 13:00:30	Porkbun LLC
4860sanpabloct.info	Pending	-58	2023-05-11 13:34:47	2022-05-11 13:34:47	GoDaddy.com, LLC
flim.info	Pending	-58	2023-05-11 19:43:01	2022-05-11 19:43:01	NameCheap, Inc.
breakingnewsworld.info	Pending	-58	2023-05-11 22:48:06	2022-05-11 22:48:06	NameCheap, Inc.
zequinte.info	Pending	-58	2023-05-12 00:04:13	2022-05-12 00:04:13	Dynadot, LLC
qnrfsubmission.info	Pending	-58	2023-05-12 00:07:50	2022-05-12 00:07:50	Dynadot, LLC
hujuruskiriathsajin.info	Pending	-58	2023-05-12 00:11:00	2022-05-12 00:11:00	Dynadot, LLC
appuntilezioni.info	Pending	-58	2023-05-12 00:13:27	2022-05-12 00:13:27	Dynadot, LLC
eichhoernchen.info	Pending	-58	2023-05-12 00:14:18	2022-05-12 00:14:18	Dynadot, LLC
girlsavonline.info	Pending	-58	2023-05-12 00:15:39	2022-05-12 00:15:39	Dynadot, LLC
furniturekitchen.info	Pending	-58	2023-05-12 00:17:56	2022-05-12 00:17:56	Dynadot, LLC
topnewstoday.info	Pending	-58	2023-05-12 04:12:30	2022-05-12 04:12:30	GoDaddy.com, LLC
gestaltung-mit-herz.info	Pending	-58	2023-05-12 08:21:05	2022-05-12 08:21:05	NameCheap, Inc.
94answers.info	Pending	-58	2023-05-12 09:51:33	2022-05-12 09:51:33	Dynadot, LLC
brigade-nanda-heights.info	Pending	-58	2023-05-12 12:37:28	2022-05-12 12:37:28	GoDaddy.com, LLC
caminar.info	Pending	-57	2023-05-13 08:06:38	2003-05-13 08:06:38	Tucows Domains Inc.
vantastic.info	Pending	-57	2023-05-13 01:19:00	2009-05-13 01:19:00	Gandi SAS
vju.info	Pending	-57	2023-05-13 10:10:16	2009-05-13 10:10:16	Dynadot, LLC
paikkari.info	Pending	-57	2023-05-13 06:11:01	2011-05-13 06:11:01	Key-Systems GmbH
designappeal.info	Pending	-57	2023-05-12 13:11:48	2015-05-12 13:11:48	PDR Ltd. d/b/a PublicDomainRegistry.com
breatheeasyil.info	Pending	-57	2023-05-12 18:33:43	2016-05-12 18:33:43	GoDaddy.com, LLC
ascendantmdx.info	Pending	-57	2023-05-12 18:35:23	2016-05-12 18:35:23	Gandi SAS
celebdata.info	Pending	-57	2023-05-12 15:28:51	2017-05-12 15:28:51	NameCheap, Inc.
danshotelkisii.info	Pending	-57	2023-05-13 11:07:22	2017-05-13 11:07:22	NameCheap, Inc.
domainedesalizeesclubspa.info	Pending	-57	2023-05-13 11:07:22	2017-05-13 11:07:22	NameCheap, Inc.
hous.info	Pending	-57	2023-05-12 12:59:12	2019-05-12 12:59:12	NameCheap, Inc.
wealthy-living.info	Pending	-57	2023-05-12 14:46:03	2020-05-12 14:46:03	NameCheap, Inc.
hotelsaccommodations.info	Pending	-57	2023-05-12 18:42:01	2020-05-12 18:42:01	GoDaddy.com, LLC
cataloga.info	Pending	-57	2023-05-12 15:29:18	2021-05-12 15:29:18	NameCheap, Inc.
contextus.info	Pending	-57	2023-05-12 15:29:23	2021-05-12 15:29:23	NameCheap, Inc.
harkisetverite.info	Pending	-57	2023-05-13 09:18:21	2021-05-13 09:18:21	Dynadot, LLC
malgouyres.info	Pending	-57	2023-05-13 10:07:31	2021-05-13 10:07:31	Online SAS
yhazu.info	Pending	-57	2023-05-12 14:35:37	2022-05-12 14:35:37	NameCheap, Inc.
poteapote.info	Pending	-57	2023-05-12 18:54:06	2022-05-12 18:54:06	NameCheap, Inc.
amsterdambynight.info	Pending	-57	2023-05-12 18:54:16	2022-05-12 18:54:16	NameCheap, Inc.
videosweb.info	Pending	-57	2023-05-12 20:43:24	2022-05-12 20:43:24	GoDaddy.com, LLC
betterthanatimeshare.info	Pending	-57	2023-05-13 03:56:20	2022-05-13 03:56:20	NameCheap, Inc.
cabindamonde.info	Pending	-57	2023-05-13 04:26:21	2022-05-13 04:26:21	NameCheap, Inc.
mastoguide.info	Pending	-57	2023-05-13 04:26:26	2022-05-13 04:26:26	NameCheap, Inc.
123telugu.info	Pending	-57	2023-05-13 05:28:39	2022-05-13 05:28:39	NameCheap, Inc.
thonguyen.info	Pending	-57	2023-05-13 07:20:54	2022-05-13 07:20:54	Dynadot, LLC
patanjalimaharshi.info	Pending	-57	2023-05-13 09:58:39	2022-05-13 09:58:39	Wild West Domains, LLC
smartsupplements.info	Pending	-57	2023-05-13 10:09:23	2022-05-13 10:09:23	Key-Systems GmbH
savemariupol.info	Pending	-57	2023-05-13 10:42:14	2022-05-13 10:42:14	HOSTINGER operations, UAB
expcodes.info	Pending	-56	2023-05-14 02:46:48	2014-05-14 02:46:48	Key-Systems GmbH
cbs4ag.info	Pending	-56	2023-05-13 18:52:15	2016-05-13 18:52:15	GoDaddy.com, LLC
rezone.info	Pending	-56	2023-05-14 04:30:10	2017-05-14 04:30:10	Google Inc.
quickautoloans.info	Pending	-56	2023-05-14 10:11:22	2017-05-14 10:11:22	Dynadot, LLC
rungrinh.info	Pending	-56	2023-05-14 06:42:13	2018-05-14 06:42:13	GoDaddy.com, LLC
configurarunrouter.info	Pending	-56	2023-05-14 06:41:47	2019-05-14 06:41:47	Key-Systems GmbH
icvalrendena.info	Pending	-56	2023-05-14 07:35:14	2019-05-14 07:35:14	OVH SAS
diij.info	Pending	-56	2023-05-13 20:24:09	2021-05-13 20:24:09	NameCheap, Inc.
autonest.info	Pending	-56	2023-05-13 18:24:14	2022-05-13 18:24:14	NameCheap, Inc.
forexbinaryoptions.info	Pending	-56	2023-05-13 21:19:58	2022-05-13 21:19:58	GoDaddy.com, LLC
gooddatingtips.info	Pending	-56	2023-05-14 00:24:24	2022-05-14 00:24:24	NameCheap, Inc.
housearticles.info	Pending	-56	2023-05-14 11:44:08	2022-05-14 11:44:08	NameCheap, Inc.
com-booking.info	Pending	-55	2023-05-15 07:25:01	2012-05-15 07:25:01	GoDaddy.com, LLC
fbaurand.info	Pending	-55	2023-05-14 21:14:13	2015-05-14 21:14:13	OVH SAS
skyborn.info	Pending	-55	2023-05-15 02:17:58	2015-05-15 02:17:58	NameCheap, Inc.
kurban-academy.info	Pending	-55	2023-05-14 13:15:21	2016-05-14 13:15:21	GoDaddy.com, LLC
sangiaodichhungthinh.info	Pending	-55	2023-05-15 02:03:21	2017-05-15 02:03:21	Mat Bao Corporation
driveouthunger.info	Pending	-55	2023-05-14 18:03:24	2018-05-14 18:03:24	GoDaddy.com, LLC
easywoodwork.info	Pending	-55	2023-05-15 06:29:25	2018-05-15 06:29:25	Key-Systems GmbH
webtracker.info	Pending	-55	2023-05-15 10:38:28	2018-05-15 10:38:28	NameCheap, Inc.
financiallysavingplan.info	Pending	-55	2023-05-15 00:08:59	2019-05-15 00:08:59	NameCheap, Inc.
lexaction.info	Pending	-55	2023-05-15 00:00:11	2020-05-15 00:00:11	NameSilo, LLC
manwa.info	Pending	-55	2023-05-15 02:34:24	2020-05-15 02:34:24	GoDaddy.com, LLC
lenni.info	Pending	-55	2023-05-15 10:14:20	2020-05-15 10:14:20	Dynadot12
guiasyreviews.info	Pending	-55	2023-05-15 12:06:21	2020-05-15 12:06:21	Soluciones Corporativas IP, SL
dmvoffices.info	Pending	-55	2023-05-14 16:44:17	2021-05-14 16:44:17	OVH SAS
gods-own-country.info	Pending	-55	2023-05-14 17:55:48	2021-05-14 17:55:48	NameCheap, Inc.
unearth.info	Pending	-55	2023-05-14 15:51:12	2022-05-14 15:51:12	NameCheap, Inc.
arabonradar.info	Pending	-55	2023-05-14 17:42:07	2022-05-14 17:42:07	NameCheap, Inc.
cumc.info	Pending	-55	2023-05-14 18:07:31	2022-05-14 18:07:31	NameCheap, Inc.
freegeek.info	Pending	-55	2023-05-14 20:03:49	2022-05-14 20:03:49	NameCheap, Inc.
news9.info	Pending	-55	2023-05-14 22:14:53	2022-05-14 22:14:53	NameCheap, Inc.
convertcase.info	Pending	-55	2023-05-15 04:53:39	2022-05-15 04:53:39	PDR Ltd. d/b/a PublicDomainRegistry.com
hotporno.info	Pending	-55	2023-05-15 05:18:00	2022-05-15 05:18:00	Dynadot, LLC
javsex.info	Pending	-55	2023-05-15 05:21:57	2022-05-15 05:21:57	Dynadot, LLC
multitest-2022.info	Pending	-55	2023-05-15 09:58:27	2022-05-15 09:58:27	Network Solutions, LLC
johnreardon.info	Pending	-54	2023-05-15 15:36:31	2006-05-15 15:36:31	Ascio Technologies, Inc. Danmark - Filial af Ascio technologies, Inc. USA
online-golf-lessons.info	Pending	-54	2023-05-16 10:39:46	2009-05-16 10:39:46	NameCheap, Inc.
gm-free.info	Pending	-54	2023-05-15 12:22:21	2010-05-15 12:22:21	GoDaddy.com, LLC
niganiku.info	Pending	-54	2023-05-16 01:56:03	2011-05-16 01:56:03	GMO Internet, Inc. d/b/a Onamae.com
hoa-insurance.info	Pending	-54	2023-05-15 23:37:04	2017-05-15 23:37:04	GoDaddy.com, LLC
forextradingbiz.info	Pending	-54	2023-05-16 09:13:14	2017-05-16 09:13:14	NameCheap, Inc.
coworkingaustin.info	Pending	-54	2023-05-15 13:02:53	2018-05-15 13:02:53	NameSilo, LLC
field-guide.info	Pending	-54	2023-05-15 16:23:53	2018-05-15 16:23:53	Hosting Concepts B.V. d/b/a Registrar.eu
timmarais.info	Pending	-54	2023-05-15 19:00:12	2018-05-15 19:00:12	GoDaddy.com, LLC
wanganui.info	Pending	-54	2023-05-16 10:35:16	2019-05-16 10:35:16	Internet Domain Service BS Corp
trustbb.info	Pending	-54	2023-05-16 11:38:34	2019-05-16 11:38:34	Dynadot, LLC
szerzodesek.info	Pending	-54	2023-05-16 11:45:03	2019-05-16 11:45:03	Dynadot, LLC
gryith.info	Pending	-54	2023-05-15 14:03:45	2020-05-15 14:03:45	GoDaddy.com, LLC
938newstime.info	Pending	-54	2023-05-15 20:32:37	2020-05-15 20:32:37	NameSilo, LLC
scripts-nulled.info	Pending	-54	2023-05-15 14:14:37	2021-05-15 14:14:37	NameCheap, Inc.
templomasonico.info	Pending	-54	2023-05-16 06:09:56	2021-05-16 06:09:56	Dynadot, LLC
shayunet.info	Pending	-54	2023-05-16 06:10:20	2021-05-16 06:10:20	Dynadot, LLC
swaad.info	Pending	-54	2023-05-15 17:05:55	2022-05-15 17:05:55	NameCheap, Inc.
streetcornerhorns.info	Pending	-54	2023-05-16 05:37:12	2022-05-16 05:37:12	Domain Registration Services, Inc. dba dotEarth.com
cryptoexchangeranking.info	Pending	-54	2023-05-16 06:24:39	2022-05-16 06:24:39	GoDaddy.com, LLC
dontwait.info	Pending	-54	2023-05-16 06:37:35	2022-05-16 06:37:35	GoDaddy.com, LLC
my-switzerland.info	Pending	-54	2023-05-16 11:15:04	2022-05-16 11:15:04	NameCheap, Inc.
krpr.info	Pending	-53	2023-05-16 16:04:00	2008-05-16 16:04:00	GoDaddy.com, LLC
northseagrid.info	Pending	-53	2023-05-17 08:00:23	2013-05-17 08:00:23	Combell NV
tudor-art.info	Pending	-53	2023-05-17 10:25:39	2013-05-17 10:25:39	eNom, LLC
ultuifii.info	Pending	-53	2023-05-17 10:06:07	2016-05-17 10:06:07	Dynadot, LLC
envide.info	Pending	-53	2023-05-16 20:35:15	2017-05-16 20:35:15	NameCheap, Inc.
ecomsoft.info	Pending	-53	2023-05-16 23:42:00	2017-05-16 23:42:00	PDR Ltd. d/b/a PublicDomainRegistry.com
copaperu.info	Pending	-53	2023-05-16 18:53:33	2019-05-16 18:53:33	NameCheap, Inc.
166jiepai.info	Pending	-53	2023-05-17 07:22:57	2019-05-17 07:22:57	GoDaddy.com, LLC
drk.info	Pending	-53	2023-05-16 22:26:56	2020-05-16 22:26:56	Dynadot, LLC
eduglobe.info	Pending	-53	2023-05-17 08:41:51	2020-05-17 08:41:51	Network Solutions, LLC
zapatosdeseguridad.info	Pending	-53	2023-05-17 11:02:16	2020-05-17 11:02:16	Dynadot, LLC
futuronetwork.info	Pending	-53	2023-05-16 14:31:06	2021-05-16 14:31:06	Dynadot0 LLC
allergiekongress.info	Pending	-53	2023-05-16 15:31:49	2021-05-16 15:31:49	Dynadot, LLC
paturnpiketollbyplate.info	Pending	-53	2023-05-16 15:47:59	2021-05-16 15:47:59	Dynadot, LLC
kopingsboken.info	Pending	-53	2023-05-17 00:53:19	2021-05-17 00:53:19	Allworldnames.com LLC
marriedandhorneyadultdating.info	Pending	-53	2023-05-16 12:32:34	2022-05-16 12:32:34	NameCheap, Inc.
linkfaves.info	Pending	-53	2023-05-16 16:44:47	2022-05-16 16:44:47	NameCheap, Inc.
chinaie.info	Pending	-53	2023-05-16 18:35:13	2022-05-16 18:35:13	NameCheap, Inc.
cognito.info	Pending	-53	2023-05-16 18:39:38	2022-05-16 18:39:38	Dynadot, LLC
mytitleorder.info	Pending	-53	2023-05-16 20:46:53	2022-05-16 20:46:53	Dynadot, LLC
bestinsales.info	Pending	-53	2023-05-16 21:43:01	2022-05-16 21:43:01	Dynadot, LLC
toorock.info	Pending	-53	2023-05-17 01:18:58	2022-05-17 01:18:58	NameCheap, Inc.
musicsun.info	Pending	-53	2023-05-17 06:45:13	2022-05-17 06:45:13	Dynadot, LLC
capaldi.info	Pending	-53	2023-05-17 07:46:01	2022-05-17 07:46:01	Tucows Domains Inc.
c91238ol91234ao.info	Pending	-53	2023-05-17 09:46:31	2022-05-17 09:46:31	NameSilo, LLC
jenniehuang.info	Pending	-53	2023-05-17 11:21:09	2022-05-17 11:21:09	NameCheap, Inc.
china-express.info	Pending	-53	2023-05-17 11:33:55	2022-05-17 11:33:55	NameCheap, Inc.
backpacker-indonesia.info	Pending	-52	2023-05-17 17:41:31	2016-05-17 17:41:31	NameCheap, Inc.
inicar.info	Pending	-52	2023-05-18 07:55:11	2016-05-18 07:55:11	Hosting Ukraine LLC
roundscape-adorevia.info	Pending	-52	2023-05-18 11:19:05	2016-05-18 11:19:05	NameCheap, Inc.
liquidscapes.info	Pending	-52	2023-05-18 10:40:13	2017-05-18 10:40:13	PDR Ltd. d/b/a PublicDomainRegistry.com
vhb.info	Pending	-52	2023-05-17 12:24:01	2018-05-17 12:24:01	NameCheap, Inc.
dandelioncounselling.info	Pending	-52	2023-05-17 14:28:34	2019-05-17 14:28:34	Tucows Domains Inc.
huntingtonpark-electricianservices.info	Pending	-52	2023-05-17 18:02:01	2019-05-17 18:02:01	GoDaddy.com, LLC
playadelray-electricservices.info	Pending	-52	2023-05-17 18:02:01	2019-05-17 18:02:01	GoDaddy.com, LLC
hawthorne-electricservice.info	Pending	-52	2023-05-17 18:02:01	2019-05-17 18:02:01	GoDaddy.com, LLC
santamonica-electricservices.info	Pending	-52	2023-05-17 18:02:01	2019-05-17 18:02:01	GoDaddy.com, LLC
longbeach-electrician.info	Pending	-52	2023-05-17 18:02:01	2019-05-17 18:02:01	GoDaddy.com, LLC
culvercity-electricalservices.info	Pending	-52	2023-05-17 18:02:01	2019-05-17 18:02:01	GoDaddy.com, LLC
alahambra-electricianservices.info	Pending	-52	2023-05-17 18:02:03	2019-05-17 18:02:03	GoDaddy.com, LLC
grandviewtitle.info	Pending	-52	2023-05-17 23:36:26	2019-05-17 23:36:26	Network Solutions, LLC
thevapejoint.info	Pending	-52	2023-05-18 02:49:39	2019-05-18 02:49:39	NameCheap, Inc.
keikisentei.info	Pending	-52	2023-05-17 16:01:47	2020-05-17 16:01:47	Netowl, Inc.
onthelake.info	Pending	-52	2023-05-18 01:47:36	2020-05-18 01:47:36	GoDaddy.com, LLC
buenaweb.info	Pending	-52	2023-05-18 10:10:06	2020-05-18 10:10:06	Key-Systems GmbH
egi.info	Pending	-52	2023-05-18 10:13:54	2020-05-18 10:13:54	Dynadot1 LLC
taylordiamond.info	Pending	-52	2023-05-17 12:48:07	2021-05-17 12:48:07	Uniregistrar Corp
dreamline.info	Pending	-52	2023-05-17 15:31:18	2021-05-17 15:31:18	Dynadot, LLC
jogjaprov.info	Pending	-52	2023-05-18 03:27:20	2021-05-18 03:27:20	CV. Rumahweb Indonesia
kellytechno.info	Pending	-52	2023-05-18 05:20:52	2021-05-18 05:20:52	GoDaddy.com, LLC
getonup.info	Pending	-52	2023-05-18 09:20:26	2021-05-18 09:20:26	Tucows Domains Inc.
industrialsolution.info	Pending	-52	2023-05-18 09:41:36	2021-05-18 09:41:36	GoDaddy.com, LLC
world4free.info	Pending	-52	2023-05-17 12:32:04	2022-05-17 12:32:04	NameCheap, Inc.
onebreath.info	Pending	-52	2023-05-17 13:39:58	2022-05-17 13:39:58	NameCheap, Inc.
rutop.info	Pending	-52	2023-05-17 22:28:55	2022-05-17 22:28:55	NameCheap, Inc.
startplanetni.info	Pending	-52	2023-05-17 23:30:12	2022-05-17 23:30:12	Dynadot, LLC
testyourself.info	Pending	-52	2023-05-18 01:12:55	2022-05-18 01:12:55	NameCheap, Inc.
eurocom.info	Pending	-52	2023-05-18 03:28:31	2022-05-18 03:28:31	Dynadot, LLC
paramsms.info	Pending	-52	2023-05-18 06:03:47	2022-05-18 06:03:47	GoDaddy.com, LLC
494909.info	Pending	-52	2023-05-18 08:03:17	2022-05-18 08:03:17	OVH SAS
123duit.info	Pending	-52	2023-05-18 11:11:32	2022-05-18 11:11:32	HOSTINGER operations, UAB
flexilight.info	Pending	-51	2023-05-19 02:50:58	2007-05-19 02:50:58	Tucows Domains Inc.
veselinteractive.info	Pending	-51	2023-05-18 17:55:50	2011-05-18 17:55:50	Network Solutions, LLC
phanmemdayhoc.info	Pending	-51	2023-05-19 08:07:07	2015-05-19 08:07:07	Key-Systems GmbH
heleno.info	Pending	-51	2023-05-18 21:48:26	2018-05-18 21:48:26	Google Inc.
codeofbeauty.info	Pending	-51	2023-05-18 23:37:53	2018-05-18 23:37:53	Automattic Inc.
autumnglow.info	Pending	-51	2023-05-18 18:33:22	2019-05-18 18:33:22	GoDaddy.com, LLC
dentalimplantdealstoday.info	Pending	-51	2023-05-18 17:19:45	2020-05-18 17:19:45	GoDaddy.com, LLC
anime-dl.info	Pending	-51	2023-05-18 18:32:29	2020-05-18 18:32:29	Dynadot, LLC
lifeinsuranceworld.info	Pending	-51	2023-05-18 18:41:32	2020-05-18 18:41:32	GoDaddy.com, LLC
news98.info	Pending	-51	2023-05-19 04:01:23	2020-05-19 04:01:23	NameCheap, Inc.
bcentre.info	Pending	-51	2023-05-19 05:08:55	2020-05-19 05:08:55	CSL Computer Service Langenbach GmbH d/b/a Joker.com
5ii5.info	Pending	-51	2023-05-19 07:11:34	2020-05-19 07:11:34	NameCheap, Inc.
swisscast.info	Pending	-51	2023-05-19 12:17:01	2020-05-19 12:17:01	Key-Systems GmbH
aakashkhochare.info	Pending	-51	2023-05-18 20:34:41	2021-05-18 20:34:41	GoDaddy.com, LLC
dogheaven.info	Pending	-51	2023-05-19 05:29:38	2021-05-19 05:29:38	GoDaddy.com, LLC
cryptogain.info	Pending	-51	2023-05-19 05:29:38	2021-05-19 05:29:38	GoDaddy.com, LLC
casiobet.info	Pending	-51	2023-05-18 12:30:41	2022-05-18 12:30:41	Dynadot, LLC
indosoccer88.info	Pending	-51	2023-05-18 12:30:42	2022-05-18 12:30:42	Dynadot, LLC
roblerosodinstallationandlandscapinginc.info	Pending	-51	2023-05-18 15:23:54	2022-05-18 15:23:54	NameCheap, Inc.
feuilleton.info	Pending	-51	2023-05-18 17:00:00	2022-05-18 17:00:00	Dynadot, LLC
africapost.info	Pending	-51	2023-05-18 17:55:50	2022-05-18 17:55:50	NameCheap, Inc.
almostnews.info	Pending	-51	2023-05-18 18:21:25	2022-05-18 18:21:25	GoDaddy.com, LLC
trulyexplore.info	Pending	-51	2023-05-18 18:21:25	2022-05-18 18:21:25	GoDaddy.com, LLC
skilletking.info	Pending	-51	2023-05-18 18:21:25	2022-05-18 18:21:25	GoDaddy.com, LLC
smartercar.info	Pending	-51	2023-05-18 18:21:25	2022-05-18 18:21:25	GoDaddy.com, LLC
tech12.info	Pending	-51	2023-05-18 18:21:25	2022-05-18 18:21:25	GoDaddy.com, LLC
healthquest.info	Pending	-51	2023-05-18 18:21:25	2022-05-18 18:21:25	GoDaddy.com, LLC
longroad.info	Pending	-51	2023-05-18 18:21:26	2022-05-18 18:21:26	GoDaddy.com, LLC
cubicbit.info	Pending	-51	2023-05-18 18:21:26	2022-05-18 18:21:26	GoDaddy.com, LLC
noonehome.info	Pending	-51	2023-05-18 18:21:26	2022-05-18 18:21:26	GoDaddy.com, LLC
pamperedpet.info	Pending	-51	2023-05-18 18:21:31	2022-05-18 18:21:31	GoDaddy.com, LLC
reliefshift.info	Pending	-51	2023-05-18 18:21:31	2022-05-18 18:21:31	GoDaddy.com, LLC
workworm.info	Pending	-51	2023-05-18 18:21:32	2022-05-18 18:21:32	GoDaddy.com, LLC
urbangarden.info	Pending	-51	2023-05-18 18:21:32	2022-05-18 18:21:32	GoDaddy.com, LLC
nodify.info	Pending	-51	2023-05-18 19:14:55	2022-05-18 19:14:55	Network Solutions, LLC
birdofprey.info	Pending	-51	2023-05-18 23:54:38	2022-05-18 23:54:38	NameCheap, Inc.
inconscious.info	Pending	-51	2023-05-18 23:54:44	2022-05-18 23:54:44	NameCheap, Inc.
ottawa-real-estate.info	Pending	-51	2023-05-19 09:38:19	2022-05-19 09:38:19	Dynadot, LLC
nhavadat.info	Pending	-51	2023-05-19 09:59:05	2022-05-19 09:59:05	P.A Viet Nam Company Limited
eurocenter.info	Pending	-51	2023-05-19 11:25:34	2022-05-19 11:25:34	GMO Internet, Inc. d/b/a Onamae.com
searchbuddy.info	Pending	-50	2023-05-19 15:57:24	2008-05-19 15:57:24	Wild West Domains, LLC
varadinet.info	Pending	-50	2023-05-20 08:52:49	2008-05-20 08:52:49	GoDaddy.com, LLC
vm64.info	Pending	-50	2023-05-19 13:37:54	2009-05-19 13:37:54	Cloudflare, Inc
lovetodance.info	Pending	-50	2023-05-19 16:24:21	2012-05-19 16:24:21	eNom, LLC
walmartonex.info	Pending	-50	2023-05-20 06:26:04	2018-05-20 06:26:04	PDR Ltd. d/b/a PublicDomainRegistry.com
ibulletin.info	Pending	-50	2023-05-20 09:42:05	2018-05-20 09:42:05	Hosting Concepts B.V. d/b/a Registrar.eu
gunfield.info	Pending	-50	2023-05-20 07:28:21	2019-05-20 07:28:21	PDR Ltd. d/b/a PublicDomainRegistry.com
ebonypornpics.info	Pending	-50	2023-05-20 10:36:11	2019-05-20 10:36:11	GoDaddy.com, LLC
ccmtds.info	Pending	-50	2023-05-20 10:36:34	2019-05-20 10:36:34	NameCheap, Inc.
covid19-tracking.info	Pending	-50	2023-05-19 15:32:26	2020-05-19 15:32:26	GoDaddy.com, LLC
thesewingroom.info	Pending	-50	2023-05-19 16:30:43	2020-05-19 16:30:43	Network Solutions, LLC
emmanicholson.info	Pending	-50	2023-05-19 14:31:40	2021-05-19 14:31:40	GoDaddy.com, LLC
kqb.info	Pending	-50	2023-05-20 01:13:30	2021-05-20 01:13:30	Dynadot, LLC
freerepublic.info	Pending	-50	2023-05-19 17:00:11	2022-05-19 17:00:11	Dynadot, LLC
dotswiss.info	Pending	-50	2023-05-19 18:01:49	2022-05-19 18:01:49	NameCheap, Inc.
northgeorgia.info	Pending	-50	2023-05-19 19:24:22	2022-05-19 19:24:22	GoDaddy.com, LLC
hosti.info	Pending	-50	2023-05-20 05:15:37	2022-05-20 05:15:37	Porkbun LLC
pornfuqer.info	Pending	-50	2023-05-20 08:14:45	2022-05-20 08:14:45	GoDaddy.com, LLC
bronsema.info	Pending	-50	2023-05-20 09:18:59	2022-05-20 09:18:59	GMO Internet, Inc. d/b/a Onamae.com
osumare.info	Pending	-50	2023-05-20 10:29:21	2022-05-20 10:29:21	NameCheap, Inc.
smsy.info	Pending	-50	2023-05-20 11:58:12	2022-05-20 11:58:12	NameCheap, Inc.
digitalglobal.info	Pending	-49	2023-05-20 13:50:48	2008-05-20 13:50:48	NameCheap, Inc.
anysoft.info	Pending	-49	2023-05-21 03:28:11	2010-05-21 03:28:11	GoDaddy.com, LLC
pacifictraining.info	Pending	-49	2023-05-20 19:40:07	2016-05-20 19:40:07	Network Solutions, LLC
ucpanhellenic.info	Pending	-49	2023-05-20 15:03:47	2018-05-20 15:03:47	Network Solutions, LLC
plancapaciteit.info	Pending	-49	2023-05-20 14:21:36	2019-05-20 14:21:36	Network Solutions, LLC
ic-o.info	Pending	-49	2023-05-20 15:27:16	2019-05-20 15:27:16	PDR Ltd. d/b/a PublicDomainRegistry.com
djz.info	Pending	-49	2023-05-21 10:12:15	2020-05-21 10:12:15	Dynadot14
doy.info	Pending	-49	2023-05-21 10:12:40	2020-05-21 10:12:40	Dynadot1 LLC
mry.info	Pending	-49	2023-05-21 10:19:59	2020-05-21 10:19:59	Dynadot, LLC
sny.info	Pending	-49	2023-05-21 10:25:19	2020-05-21 10:25:19	Dynadot, LLC
newmovienews.info	Pending	-49	2023-05-21 10:43:36	2020-05-21 10:43:36	GoDaddy.com, LLC
syg.info	Pending	-49	2023-05-21 11:05:54	2020-05-21 11:05:54	Dynadot, LLC
contact-web.info	Pending	-49	2023-05-21 07:50:29	2021-05-21 07:50:29	PDR Ltd. d/b/a PublicDomainRegistry.com
saintantoine.info	Pending	-49	2023-05-20 16:09:59	2022-05-20 16:09:59	Name.com, Inc.
176movie.info	Pending	-49	2023-05-20 16:43:52	2022-05-20 16:43:52	Register.com, Inc.
0204av.info	Pending	-49	2023-05-20 16:43:54	2022-05-20 16:43:54	Register.com, Inc.
dfr.info	Pending	-49	2023-05-20 17:00:00	2022-05-20 17:00:00	Dynadot13
bearriver.info	Pending	-49	2023-05-20 17:00:36	2022-05-20 17:00:36	Dynadot, LLC
blackmartapks.info	Pending	-49	2023-05-20 17:58:54	2022-05-20 17:58:54	NameCheap, Inc.
minecraftapkmod.info	Pending	-49	2023-05-20 18:14:35	2022-05-20 18:14:35	NameCheap, Inc.
easytools.info	Pending	-49	2023-05-20 21:01:23	2022-05-20 21:01:23	GoDaddy.com, LLC
superate.info	Pending	-49	2023-05-20 21:42:45	2022-05-20 21:42:45	Hosting Concepts B.V. d/b/a Registrar.eu
sunujob.info	Pending	-49	2023-05-21 07:36:02	2022-05-21 07:36:02	Porkbun LLC
ajoysingha.info	Pending	-48	2023-05-22 11:30:23	2009-05-22 11:30:23	NameCheap, Inc.
anchoraa.info	Pending	-48	2023-05-22 01:50:28	2012-05-22 01:50:28	NameCheap, Inc.
alow.info	Pending	-48	2023-05-22 01:30:29	2015-05-22 01:30:29	NameCheap, Inc.
kerridawn.info	Pending	-48	2023-05-22 05:22:47	2015-05-22 05:22:47	Wild West Domains, LLC
withiel.info	Pending	-48	2023-05-21 13:17:21	2017-05-21 13:17:21	Mesh Digital Limited
60andlovingit.info	Pending	-48	2023-05-22 06:53:37	2017-05-22 06:53:37	Dreamscape Networks International Pte Ltd
microjam.info	Pending	-48	2023-05-22 11:55:00	2017-05-22 11:55:00	NameCheap, Inc.
dcf-mass.info	Pending	-48	2023-05-21 22:20:55	2018-05-21 22:20:55	GoDaddy.com, LLC
ipnatlanta.info	Pending	-48	2023-05-21 22:28:32	2019-05-21 22:28:32	Google Inc.
nofgmribbon.info	Pending	-48	2023-05-22 11:56:02	2019-05-22 11:56:02	Network Solutions, LLC
yts-subs.info	Pending	-48	2023-05-21 20:16:26	2020-05-21 20:16:26	Key-Systems GmbH
megasubtitles.info	Pending	-48	2023-05-21 20:16:27	2020-05-21 20:16:27	Key-Systems GmbH
tvsubtitles.info	Pending	-48	2023-05-21 20:16:29	2020-05-21 20:16:29	Key-Systems GmbH
jua.info	Pending	-48	2023-05-22 10:15:27	2020-05-22 10:15:27	Dynadot, LLC
pqr.info	Pending	-48	2023-05-22 10:19:42	2020-05-22 10:19:42	Dynadot, LLC
ruhnama.info	Pending	-48	2023-05-21 14:30:18	2021-05-21 14:30:18	Web Commerce Communications Limited dba WebNic.cc
yourwellness.info	Pending	-48	2023-05-21 15:03:54	2021-05-21 15:03:54	GoDaddy.com, LLC
ecourt-ph.info	Pending	-48	2023-05-21 22:57:03	2021-05-21 22:57:03	GoDaddy.com, LLC
hobbiescrafts.info	Pending	-48	2023-05-21 17:11:30	2022-05-21 17:11:30	Registrar of Domain Names REG.RU LLC
grandslacs.info	Pending	-48	2023-05-21 17:29:23	2022-05-21 17:29:23	Dynadot, LLC
papernow.info	Pending	-48	2023-05-21 20:15:24	2022-05-21 20:15:24	Name.com, Inc.
velo-et-logement.info	Pending	-48	2023-05-21 21:18:13	2022-05-21 21:18:13	PDR Ltd. d/b/a PublicDomainRegistry.com
friteuses.info	Pending	-48	2023-05-22 00:58:00	2022-05-22 00:58:00	Allworldnames.com LLC
chainart.info	Pending	-48	2023-05-22 04:53:48	2022-05-22 04:53:48	GMO Internet, Inc. d/b/a Onamae.com
dietusa.info	Pending	-48	2023-05-22 06:50:23	2022-05-22 06:50:23	CSL Computer Service Langenbach GmbH d/b/a Joker.com
javamovil.info	Pending	-47	2023-05-23 06:50:58	2006-05-23 06:50:58	HOSTINGER operations, UAB
jaketonline.info	Pending	-47	2023-05-22 13:11:05	2010-05-22 13:11:05	HOSTINGER operations, UAB
linkla.info	Pending	-47	2023-05-23 03:19:08	2016-05-23 03:19:08	Network Solutions, LLC
scsoa.info	Pending	-47	2023-05-22 17:29:07	2017-05-22 17:29:07	Network Solutions, LLC
a--z.info	Pending	-47	2023-05-22 19:34:09	2017-05-22 19:34:09	NameCheap, Inc.
qualityamericanhealthcare.info	Pending	-47	2023-05-22 21:20:46	2017-05-22 21:20:46	NameCheap, Inc.
vsc.info	Pending	-47	2023-05-23 10:05:34	2017-05-23 10:05:34	Dynadot, LLC
healthisbeautynj.info	Pending	-47	2023-05-22 21:16:49	2018-05-22 21:16:49	NameSilo, LLC
rheumatologyconnect.info	Pending	-47	2023-05-23 08:01:39	2018-05-23 08:01:39	PDR Ltd. d/b/a PublicDomainRegistry.com
taxecho.info	Pending	-47	2023-05-22 13:51:10	2019-05-22 13:51:10	Network Solutions, LLC
upe.info	Pending	-47	2023-05-23 10:25:23	2020-05-23 10:25:23	Dynadot, LLC
customconcretedesign.info	Pending	-47	2023-05-22 17:48:42	2021-05-22 17:48:42	NameCheap, Inc.
analisisdesitios.info	Pending	-47	2023-05-22 19:46:42	2021-05-22 19:46:42	Registrar of Domain Names REG.RU LLC
borderie.info	Pending	-47	2023-05-22 13:13:47	2022-05-22 13:13:47	NameCheap, Inc.
arthenia.info	Pending	-47	2023-05-22 13:13:47	2022-05-22 13:13:47	NameCheap, Inc.
likesat.info	Pending	-47	2023-05-22 13:51:08	2022-05-22 13:51:08	NameCheap, Inc.
unlockediphone.info	Pending	-47	2023-05-22 17:39:32	2022-05-22 17:39:32	NameCheap, Inc.
feedbacksurvey.info	Pending	-47	2023-05-22 17:55:09	2022-05-22 17:55:09	NameCheap, Inc.
bloomfarm.info	Pending	-47	2023-05-22 21:25:31	2022-05-22 21:25:31	GMO Internet, Inc. d/b/a Onamae.com
djarum365.info	Pending	-47	2023-05-23 08:06:50	2022-05-23 08:06:50	NameCheap, Inc.
millionairematch.info	Pending	-47	2023-05-23 08:12:51	2022-05-23 08:12:51	NameCheap, Inc.
nqc.info	Pending	-47	2023-05-23 09:43:48	2022-05-23 09:43:48	Launchpad.com Inc.
lampmanphotography.info	Pending	-47	2023-05-23 10:26:23	2022-05-23 10:26:23	GoDaddy.com, LLC
simplytablelamps.info	Pending	-47	2023-05-23 10:26:23	2022-05-23 10:26:23	GoDaddy.com, LLC
christhompson.info	Pending	-46	2023-05-23 17:16:15	2006-05-23 17:16:15	GoDaddy.com, LLC
pro-fab.info	Pending	-46	2023-05-24 03:50:31	2011-05-24 03:50:31	GoDaddy.com, LLC
parashift.info	Pending	-46	2023-05-23 21:06:24	2013-05-23 21:06:24	Network Solutions, LLC
sewamobiljogja.info	Pending	-46	2023-05-24 06:57:13	2013-05-24 06:57:13	CV. JOGJACAMP
ryanweir.info	Pending	-46	2023-05-24 00:57:30	2016-05-24 00:57:30	Network Solutions, LLC
jardinesdelsur.info	Pending	-46	2023-05-24 03:31:44	2016-05-24 03:31:44	GoDaddy.com, LLC
datarecovery-az.info	Pending	-46	2023-05-24 09:12:02	2016-05-24 09:12:02	NameCheap, Inc.
shanashelpalacehotel.info	Pending	-46	2023-05-24 05:19:34	2017-05-24 05:19:34	NameCheap, Inc.
cryptoracle.info	Pending	-46	2023-05-23 16:42:23	2018-05-23 16:42:23	OpenTLD B.V.
cryptoyeah.info	Pending	-46	2023-05-24 04:59:25	2018-05-24 04:59:25	NameCheap, Inc.
cybersecnews.info	Pending	-46	2023-05-23 21:22:38	2019-05-23 21:22:38	NameCheap, Inc.
asianporns.info	Pending	-46	2023-05-23 21:56:51	2019-05-23 21:56:51	GoDaddy.com, LLC
less-lang.info	Pending	-46	2023-05-23 21:04:17	2020-05-23 21:04:17	OVH SAS
hit-software.info	Pending	-46	2023-05-23 21:04:17	2020-05-23 21:04:17	OVH SAS
benwatkins.info	Pending	-46	2023-05-23 21:08:23	2020-05-23 21:08:23	Mesh Digital Limited
coatsale.info	Pending	-46	2023-05-23 21:18:18	2020-05-23 21:18:18	OVH SAS
kguki.info	Pending	-46	2023-05-23 21:27:13	2020-05-23 21:27:13	OVH SAS
fbt.info	Pending	-46	2023-05-24 10:12:35	2020-05-24 10:12:35	Dynadot, LLC
jhp.info	Pending	-46	2023-05-24 10:14:44	2020-05-24 10:14:44	Dynadot, LLC
yau.info	Pending	-46	2023-05-24 10:22:24	2020-05-24 10:22:24	Dynadot, LLC
nonsolotappo.info	Pending	-46	2023-05-23 15:32:37	2021-05-23 15:32:37	Dynadot, LLC
bolaeuro2020.info	Pending	-46	2023-05-24 12:26:42	2021-05-24 12:26:42	NameCheap, Inc.
the-usedcar.info	Pending	-46	2023-05-23 16:26:07	2022-05-23 16:26:07	NameCheap, Inc.
healthwd.info	Pending	-46	2023-05-23 17:00:02	2022-05-23 17:00:02	CommuniGal Communications Ltd.
sgbcc.info	Pending	-46	2023-05-23 17:00:04	2022-05-23 17:00:04	CommuniGal Communications Ltd.
tele-sat.info	Pending	-46	2023-05-23 17:00:04	2022-05-23 17:00:04	CommuniGal Communications Ltd.
ohsc22.info	Pending	-46	2023-05-23 17:39:52	2022-05-23 17:39:52	GoDaddy.com, LLC
krasotki.info	Pending	-46	2023-05-23 18:00:13	2022-05-23 18:00:13	Dynadot, LLC
naturalbeekeeping.info	Pending	-46	2023-05-23 20:16:51	2022-05-23 20:16:51	Mesh Digital Limited
proverbs-and-sayings.info	Pending	-46	2023-05-23 20:16:51	2022-05-23 20:16:51	Mesh Digital Limited
kzz.info	Pending	-46	2023-05-23 20:23:19	2022-05-23 20:23:19	NameCheap, Inc.
biohemp.info	Pending	-46	2023-05-23 21:34:11	2022-05-23 21:34:11	PDR Ltd. d/b/a PublicDomainRegistry.com
generalinsurance.info	Pending	-46	2023-05-23 23:23:58	2022-05-23 23:23:58	PDR Ltd. d/b/a PublicDomainRegistry.com
theconsumertalk.info	Pending	-46	2023-05-24 03:38:56	2022-05-24 03:38:56	Porkbun LLC
rajagaming.info	Pending	-46	2023-05-24 06:53:03	2022-05-24 06:53:03	GoDaddy.com, LLC
myru.info	Pending	-46	2023-05-24 07:16:26	2022-05-24 07:16:26	Cross Marketing Technology Ltd.
dewajudiqq138.info	Pending	-46	2023-05-24 08:14:37	2022-05-24 08:14:37	NameCheap, Inc.
baranchat.info	Pending	-46	2023-05-24 08:44:30	2022-05-24 08:44:30	CSL Computer Service Langenbach GmbH d/b/a Joker.com
drtaniamahbub.info	Pending	-46	2023-05-24 10:43:01	2022-05-24 10:43:01	NameCheap, Inc.
sunnsand.info	Pending	-45	2023-05-24 21:21:37	2006-05-24 21:21:37	PSI-USA, Inc. dba Domain Robot
industrialbusiness.info	Pending	-45	2023-05-25 07:43:17	2007-05-25 07:43:17	GoDaddy.com, LLC
concretealliance.info	Pending	-45	2023-05-24 19:34:46	2016-05-24 19:34:46	Network Solutions, LLC
haiwiki.info	Pending	-45	2023-05-25 09:02:55	2016-05-25 09:02:55	HOSTINGER operations, UAB
fertilityanxiety.info	Pending	-45	2023-05-24 16:54:20	2017-05-24 16:54:20	NameCheap, Inc.
thukhuma.info	Pending	-45	2023-05-25 02:38:21	2018-05-25 02:38:21	NameCheap, Inc.
daftar-bluebet33.info	Pending	-45	2023-05-25 04:24:15	2018-05-25 04:24:15	GoDaddy.com, LLC
xochi.info	Pending	-45	2023-05-25 04:05:00	2019-05-25 04:05:00	Dynadot, LLC
tipsland.info	Pending	-45	2023-05-25 05:18:59	2019-05-25 05:18:59	NameCheap, Inc.
soulpatch.info	Pending	-45	2023-05-24 13:39:44	2020-05-24 13:39:44	Google Inc.
digisensei.info	Pending	-45	2023-05-24 14:44:53	2020-05-24 14:44:53	GoDaddy.com, LLC
odishacolleges.info	Pending	-45	2023-05-25 06:57:14	2020-05-25 06:57:14	GoDaddy.com, LLC
aki.info	Pending	-45	2023-05-25 10:07:12	2020-05-25 10:07:12	Dynadot4 LLC
enu.info	Pending	-45	2023-05-25 10:12:30	2020-05-25 10:12:30	Dynadot, LLC
lyx.info	Pending	-45	2023-05-25 10:17:07	2020-05-25 10:17:07	Dynadot, LLC
jfx.info	Pending	-45	2023-05-24 14:30:47	2021-05-24 14:30:47	Dynadot, LLC
webdatabase.info	Pending	-45	2023-05-24 14:30:48	2021-05-24 14:30:48	Dynadot, LLC
bordj.info	Pending	-45	2023-05-24 14:40:26	2021-05-24 14:40:26	Dynadot, LLC
aio358.info	Pending	-45	2023-05-24 14:42:29	2021-05-24 14:42:29	Above.com Pty Ltd.
replacementenginesparts2021.info	Pending	-45	2023-05-24 20:43:14	2021-05-24 20:43:14	NameSilo, LLC
river-dialogue-tamsuiriver.info	Pending	-45	2023-05-25 05:42:25	2021-05-25 05:42:25	GoDaddy.com, LLC
toplistbds.info	Pending	-45	2023-05-25 09:43:00	2021-05-25 09:43:00	Nhan Hoa Software Company Ltd.
webducation.info	Pending	-45	2023-05-24 13:28:15	2022-05-24 13:28:15	NameCheap, Inc.
cajasfuertes.info	Pending	-45	2023-05-24 15:31:11	2022-05-24 15:31:11	NameCheap, Inc.
article-marketingnow4u.info	Pending	-45	2023-05-24 15:49:51	2022-05-24 15:49:51	GoDaddy.com, LLC
efttappingcertification.info	Pending	-45	2023-05-24 16:52:50	2022-05-24 16:52:50	GoDaddy.com, LLC
monikarani.info	Pending	-45	2023-05-24 20:14:58	2022-05-24 20:14:58	Porkbun LLC
darvish.info	Pending	-45	2023-05-24 21:12:39	2022-05-24 21:12:39	NameSilo, LLC
nisma.info	Pending	-45	2023-05-25 00:06:31	2022-05-25 00:06:31	Dynadot, LLC
veggiepass.info	Pending	-45	2023-05-25 00:16:36	2022-05-25 00:16:36	NameCheap, Inc.
cinetour.info	Pending	-45	2023-05-25 00:16:57	2022-05-25 00:16:57	Google Inc.
gendama.info	Pending	-45	2023-05-25 03:13:54	2022-05-25 03:13:54	Porkbun LLC
luotuozhi.info	Pending	-45	2023-05-25 03:13:56	2022-05-25 03:13:56	Porkbun LLC
freekaraoke.info	Pending	-45	2023-05-25 03:13:59	2022-05-25 03:13:59	Porkbun LLC
arzdigi24.info	Pending	-45	2023-05-25 03:14:02	2022-05-25 03:14:02	Porkbun LLC
deschalm.info	Pending	-45	2023-05-25 03:14:04	2022-05-25 03:14:04	Porkbun LLC
robokit.info	Pending	-45	2023-05-25 03:14:07	2022-05-25 03:14:07	Porkbun LLC
bigrealestate.info	Pending	-45	2023-05-25 03:14:14	2022-05-25 03:14:14	Porkbun LLC
sensedu.info	Pending	-45	2023-05-25 03:14:16	2022-05-25 03:14:16	Porkbun LLC
sharemusic.info	Pending	-45	2023-05-25 03:14:19	2022-05-25 03:14:19	Porkbun LLC
bookclub50.info	Pending	-45	2023-05-25 03:14:21	2022-05-25 03:14:21	Porkbun LLC
seerain.info	Pending	-45	2023-05-25 03:14:24	2022-05-25 03:14:24	Porkbun LLC
90blog.info	Pending	-45	2023-05-25 03:14:26	2022-05-25 03:14:26	Porkbun LLC
amshow.info	Pending	-45	2023-05-25 03:14:31	2022-05-25 03:14:31	Porkbun LLC
bhhc.info	Pending	-45	2023-05-25 03:14:33	2022-05-25 03:14:33	Porkbun LLC
bluemoongolf.info	Pending	-45	2023-05-25 03:14:36	2022-05-25 03:14:36	Porkbun LLC
17quy.info	Pending	-45	2023-05-25 03:14:39	2022-05-25 03:14:39	Porkbun LLC
normativasuicookies.info	Pending	-45	2023-05-25 03:14:42	2022-05-25 03:14:42	Porkbun LLC
neat-dir.info	Pending	-45	2023-05-25 03:14:44	2022-05-25 03:14:44	Porkbun LLC
avtobaza.info	Pending	-45	2023-05-25 03:14:47	2022-05-25 03:14:47	Porkbun LLC
b841.info	Pending	-45	2023-05-25 03:14:53	2022-05-25 03:14:53	Porkbun LLC
theduc.info	Pending	-45	2023-05-25 03:14:56	2022-05-25 03:14:56	Porkbun LLC
accessup-omakase.info	Pending	-45	2023-05-25 03:14:58	2022-05-25 03:14:58	Porkbun LLC
antiarrugas.info	Pending	-45	2023-05-25 03:15:02	2022-05-25 03:15:02	Porkbun LLC
datsumou-shinjuku.info	Pending	-45	2023-05-25 03:15:09	2022-05-25 03:15:09	Porkbun LLC
dirgroup.info	Pending	-45	2023-05-25 03:15:11	2022-05-25 03:15:11	Porkbun LLC
cafebatdongsan.info	Pending	-45	2023-05-25 03:15:13	2022-05-25 03:15:13	Porkbun LLC
folklora.info	Pending	-45	2023-05-25 03:15:16	2022-05-25 03:15:16	Porkbun LLC
bbm-inc.info	Pending	-45	2023-05-25 03:15:21	2022-05-25 03:15:21	Porkbun LLC
vienuongchongnang.info	Pending	-45	2023-05-25 03:15:25	2022-05-25 03:15:25	Porkbun LLC
candidiasistratamiento.info	Pending	-45	2023-05-25 03:15:28	2022-05-25 03:15:28	Porkbun LLC
kirimkan.info	Pending	-45	2023-05-25 03:15:30	2022-05-25 03:15:30	Porkbun LLC
maryblogpics.info	Pending	-45	2023-05-25 03:15:33	2022-05-25 03:15:33	Porkbun LLC
i7s.info	Pending	-45	2023-05-25 03:15:35	2022-05-25 03:15:35	Porkbun LLC
doanhnghiepviet.info	Pending	-45	2023-05-25 03:15:38	2022-05-25 03:15:38	Porkbun LLC
turochak.info	Pending	-45	2023-05-25 03:15:44	2022-05-25 03:15:44	Porkbun LLC
pricereview.info	Pending	-45	2023-05-25 03:15:46	2022-05-25 03:15:46	Porkbun LLC
allianceglobal.info	Pending	-45	2023-05-25 05:55:40	2022-05-25 05:55:40	GoDaddy.com, LLC
japritoto.info	Pending	-45	2023-05-25 06:12:41	2022-05-25 06:12:41	NameCheap, Inc.
dupa.info	Pending	-44	2023-05-25 13:11:22	2004-05-25 13:11:22	Key-Systems GmbH
ericbinek.info	Pending	-44	2023-05-26 11:14:54	2011-05-26 11:14:54	Cloudflare, Inc
roncarlson.info	Pending	-44	2023-05-25 15:22:47	2013-05-25 15:22:47	GoDaddy.com, LLC
traktion.info	Pending	-44	2023-05-26 08:36:04	2013-05-26 08:36:04	PDR Ltd. d/b/a PublicDomainRegistry.com
kago69.info	Pending	-44	2023-05-25 23:57:21	2014-05-25 23:57:21	GMO Internet, Inc. d/b/a Onamae.com
skillyshosting.info	Pending	-44	2023-05-26 10:18:09	2016-05-26 10:18:09	Internet Domain Service BS Corp
voirfilm.info	Pending	-44	2023-05-26 10:16:48	2018-05-26 10:16:48	Dynadot, LLC
cryptostores.info	Pending	-44	2023-05-25 20:07:46	2020-05-25 20:07:46	GoDaddy.com, LLC
fotobaza.info	Pending	-44	2023-05-26 07:58:14	2020-05-26 07:58:14	NameCheap, Inc.
fgm.info	Pending	-44	2023-05-26 10:14:18	2020-05-26 10:14:18	Dynadot5 LLC
peacockdesign.info	Pending	-44	2023-05-26 11:05:42	2020-05-26 11:05:42	Hosting Concepts B.V. d/b/a Registrar.eu
world-science.info	Pending	-44	2023-05-26 11:20:02	2020-05-26 11:20:02	Name SRS AB
wordtracker.info	Pending	-44	2023-05-25 14:36:35	2021-05-25 14:36:35	Dynadot, LLC
indir.info	Pending	-44	2023-05-25 14:36:49	2021-05-25 14:36:49	Dynadot, LLC
linkhub.info	Pending	-44	2023-05-25 14:37:02	2021-05-25 14:37:02	Dynadot, LLC
myr.info	Pending	-44	2023-05-25 14:58:50	2021-05-25 14:58:50	Dynadot, LLC
evix.info	Pending	-44	2023-05-25 15:39:16	2021-05-25 15:39:16	Network Solutions, LLC
tmpeml.info	Pending	-44	2023-05-25 12:45:28	2022-05-25 12:45:28	Dynadot, LLC
forexbinaryoption.info	Pending	-44	2023-05-25 17:00:23	2022-05-25 17:00:23	Dynadot, LLC
myrc.info	Pending	-44	2023-05-25 17:00:42	2022-05-25 17:00:42	Dynadot, LLC
binaryoptionsrobotuk.info	Pending	-44	2023-05-25 19:40:41	2022-05-25 19:40:41	Nics Telekomnikasyon A.S.
binaryoptionswebsite.info	Pending	-44	2023-05-25 19:46:28	2022-05-25 19:46:28	Nics Telekomnikasyon A.S.
binaryoption-2018.info	Pending	-44	2023-05-25 20:02:20	2022-05-25 20:02:20	Nics Telekomnikasyon A.S.
binaryoptionrobot.info	Pending	-44	2023-05-25 20:35:20	2022-05-25 20:35:20	Nics Telekomnikasyon A.S.
binaryoption-navi.info	Pending	-44	2023-05-25 20:54:27	2022-05-25 20:54:27	Nics Telekomnikasyon A.S.
thecambridge.info	Pending	-44	2023-05-25 21:33:01	2022-05-25 21:33:01	Dynadot, LLC
cilantroweb.info	Pending	-44	2023-05-25 21:33:02	2022-05-25 21:33:02	Dynadot, LLC
pureplus.info	Pending	-44	2023-05-25 21:34:12	2022-05-25 21:34:12	NameCheap, Inc.
lifefirst.info	Pending	-44	2023-05-25 21:36:02	2022-05-25 21:36:02	GoDaddy.com, LLC
catmo.info	Pending	-44	2023-05-26 01:26:27	2022-05-26 01:26:27	NameCheap, Inc.
judithgodwin.info	Pending	-44	2023-05-26 07:10:03	2022-05-26 07:10:03	GMO Internet, Inc. d/b/a Onamae.com
songkhoe.info	Pending	-44	2023-05-26 07:40:55	2022-05-26 07:40:55	Mat Bao Corporation
bravompo.info	Pending	-44	2023-05-26 08:32:18	2022-05-26 08:32:18	NameCheap, Inc.
britishwildlife.info	Pending	-44	2023-05-26 10:08:57	2022-05-26 10:08:57	NameCheap, Inc.
vkresult.info	Pending	-44	2023-05-26 10:14:51	2022-05-26 10:14:51	HOSTINGER operations, UAB
jdrc.info	Pending	-44	2023-05-26 11:14:21	2022-05-26 11:14:21	GMO Internet, Inc. d/b/a Onamae.com
212mag.info	Pending	-44	2023-05-26 11:23:11	2022-05-26 11:23:11	Genious Communications SARL/AU
farsimovie.info	Pending	-44	2023-05-26 11:38:09	2022-05-26 11:38:09	Dynadot, LLC
99sex.info	Pending	-44	2023-05-26 12:30:20	2022-05-26 12:30:20	Dynadot, LLC
kingsgroundwater.info	Pending	-43	2023-05-26 21:29:46	2015-05-26 21:29:46	Tucows Domains Inc.
beta21.info	Pending	-43	2023-05-26 22:14:58	2015-05-26 22:14:58	GoDaddy.com, LLC
fourfivenine.info	Pending	-43	2023-05-26 12:39:51	2016-05-26 12:39:51	Tucows Domains Inc.
recordmyroute.info	Pending	-43	2023-05-27 09:47:13	2017-05-27 09:47:13	OVH SAS
tondeuse-helicoidale.info	Pending	-43	2023-05-27 08:03:06	2019-05-27 08:03:06	Internet Domain Service BS Corp
gentederadio.info	Pending	-43	2023-05-27 10:11:40	2019-05-27 10:11:40	Dynadot, LLC
nofunciona.info	Pending	-43	2023-05-26 15:53:17	2020-05-26 15:53:17	NameCheap, Inc.
chikiporn.info	Pending	-43	2023-05-26 15:28:45	2021-05-26 15:28:45	NameCheap, Inc.
truthwarriors.info	Pending	-43	2023-05-26 17:50:31	2021-05-26 17:50:31	Realtime Register B.V.
btobservices.info	Pending	-43	2023-05-26 19:35:49	2021-05-26 19:35:49	GoDaddy.com, LLC
connectbest.info	Pending	-43	2023-05-26 13:37:17	2022-05-26 13:37:17	Dynadot, LLC
miketempleton.info	Pending	-43	2023-05-26 16:47:07	2022-05-26 16:47:07	NameCheap, Inc.
budget2019.info	Pending	-43	2023-05-26 18:23:38	2022-05-26 18:23:38	NameCheap, Inc.
wuct-umec.info	Pending	-43	2023-05-26 18:23:59	2022-05-26 18:23:59	NameCheap, Inc.
syrians.info	Pending	-43	2023-05-26 18:24:02	2022-05-26 18:24:02	NameCheap, Inc.
bradleyecox.info	Pending	-43	2023-05-26 21:51:00	2022-05-26 21:51:00	GoDaddy.com, LLC
thepulseabides.info	Pending	-43	2023-05-27 02:58:27	2022-05-27 02:58:27	In2net Network Inc
yellowpagesindia.info	Pending	-43	2023-05-27 05:55:21	2022-05-27 05:55:21	NameSilo, LLC
cheatslot2022.info	Pending	-43	2023-05-27 08:17:11	2022-05-27 08:17:11	Dynadot, LLC
mcp.info	Pending	-42	2023-05-28 10:29:25	2020-05-28 10:29:25	Dynadot0 LLC
vfb.info	Pending	-42	2023-05-28 10:43:43	2020-05-28 10:43:43	Dynadot, LLC
zla.info	Pending	-42	2023-05-28 10:44:54	2020-05-28 10:44:54	Dynadot, LLC
jmo.info	Pending	-42	2023-05-27 14:37:18	2021-05-27 14:37:18	Dynadot, LLC
rexdl.info	Pending	-42	2023-05-27 14:43:43	2021-05-27 14:43:43	Dynadot, LLC
bime.info	Pending	-42	2023-05-27 14:43:45	2021-05-27 14:43:45	Dynadot, LLC
maptools.info	Pending	-42	2023-05-27 14:54:35	2021-05-27 14:54:35	Dynadot, LLC
topsellers.info	Pending	-42	2023-05-27 14:57:19	2021-05-27 14:57:19	Dynadot, LLC
xiaomi-home-maroc.info	Pending	-42	2023-05-28 06:31:32	2021-05-28 06:31:32	Genious Communications SARL/AU
mitaotv.info	Pending	-42	2023-05-27 19:37:05	2022-05-27 19:37:05	Gransy, s.r.o. d/b/a subreg.cz
rubenvh.info	Pending	-41	2023-05-29 09:37:13	2009-05-29 09:37:13	Ascio Technologies, Inc. Danmark - Filial af Ascio technologies, Inc. USA
nsl-archiv.info	Pending	-41	2023-05-28 13:36:03	2020-05-28 13:36:03	Dynadot, LLC
dreamcast.info	Pending	-41	2023-05-28 14:34:22	2020-05-28 14:34:22	Dynadot, LLC
streaming-films.info	Pending	-41	2023-05-28 14:34:22	2020-05-28 14:34:22	Dynadot, LLC
portalsystem.info	Pending	-41	2023-05-28 21:22:55	2021-05-28 21:22:55	NameSilo, LLC
bilbokobranka.info	Pending	-41	2023-05-28 17:00:50	2022-05-28 17:00:50	Dynadot, LLC
denverrtd.info	Pending	-41	2023-05-28 17:01:23	2022-05-28 17:01:23	Dynadot, LLC
aeroquad.info	Pending	-41	2023-05-28 17:02:25	2022-05-28 17:02:25	Dynadot, LLC
agilesuperleaders.info	Pending	-40	2023-05-29 21:18:12	2017-05-29 21:18:12	OVH SAS
backpaincare.info	Pending	-40	2023-05-30 02:32:37	2022-05-30 02:32:37	HOSTINGER operations, UAB
onvision.info	Pending	-39	2023-05-30 19:34:59	2018-05-30 19:34:59	CSL Computer Service Langenbach GmbH d/b/a Joker.com
jeu-flash.info	Pending	-38	2023-05-31 19:05:22	2014-05-31 19:05:22	OVH SAS
lunafilms.info	Pending	-38	2023-05-31 16:42:19	2016-05-31 16:42:19	CSL Computer Service Langenbach GmbH d/b/a Joker.com
sociablelinks.info	Pending	-38	2023-06-01 12:18:08	2022-06-01 12:18:08	HOSTINGER operations, UAB
bikespumps.info	Pending	-37	2023-06-01 13:15:34	2018-06-01 13:15:34	Danesco Trading Ltd.
ganjacandyfactory.info	Pending	-37	2023-06-01 19:17:45	2021-06-01 19:17:45	Google Inc.
mmogamez.info	Pending	-37	2023-06-01 13:15:00	2022-06-01 13:15:00	Edomains LLC
aym.info	Pending	-37	2023-06-02 01:01:11	2022-06-02 01:01:11	Chengdu West Dimension Digital Technology Co., Ltd.
newdeal.info	Pending	-37	2023-06-02 01:37:17	2022-06-02 01:37:17	Chengdu West Dimension Digital Technology Co., Ltd.
openlab.info	Pending	-37	2023-06-02 09:43:37	2022-06-02 09:43:37	Chengdu West Dimension Digital Technology Co., Ltd.
hitnovosti.info	Pending	-36	2023-06-02 15:21:08	2017-06-02 15:21:08	Regtime Ltd.
leprosys.info	Pending	-36	2023-06-02 13:46:27	2018-06-02 13:46:27	Danesco Trading Ltd.
aracnidos.info	Pending	-36	2023-06-02 20:43:23	2019-06-02 20:43:23	NetEarth One Inc. dba NetEarth
romanianews.info	Pending	-36	2023-06-02 13:36:02	2021-06-02 13:36:02	PSI-USA, Inc. dba Domain Robot
virtualexhibition.info	Pending	-35	2023-06-03 23:32:07	2020-06-03 23:32:07	Register SPA
homelandsecurity.info	Pending	-35	2023-06-03 18:25:16	2022-06-03 18:25:16	Google Inc.
prohealthblogger.info	Pending	-34	2023-06-04 14:29:33	2021-06-04 14:29:33	Google Inc.
radioconstructors.info	Pending	-33	2023-06-06 10:08:37	2014-06-06 10:08:37	PSI-USA, Inc. dba Domain Robot
kirchentuer.info	Pending	-32	2023-06-07 12:06:17	2016-06-07 12:06:17	PSI-USA, Inc. dba Domain Robot
totsantcugat.info	Pending	-32	2023-06-06 22:42:19	2019-06-06 22:42:19	URL Solutions, Inc.
barjouville.info	Pending	-31	2023-06-07 21:42:42	2006-06-07 21:42:42	Online SAS
annekrieg.info	Pending	-31	2023-06-07 17:38:13	2014-06-07 17:38:13	OVH SAS
calvinchin.info	Pending	-31	2023-06-07 16:27:25	2017-06-07 16:27:25	Google Inc.
